Workbook

Sheet DISPOSABLE ITEMS
A1: ITEM CODE | B1: ITEM NAME | C1: TYPE | D1: BODY PART | E1: DESCRIPTION | F1: MANUFACTURER | G1: STATUS | H1: LOT NO. | I1: EXP. DATE | J1: REMAINING QTY | K1: INPUT QTY | L1: OUT | M1: TOTAL | N1: 01-May | O1: 02-May | P1: 03-May | Q1: 04-May | R1: 05-May | S1: 06-May | T1: 07-May | U1: 08-May | V1: 09-May | W1: 10-May | X1: 11-May | Y1: 12-May | Z1: 13-May | AA1: 14-May | AB1: 15-May | AC1: 16-May | AD1: 17-May | AE1: 18-May | AF1: 19-May | AG1: 20-May | AH1: 21-May | AI1: 22-May | AJ1: 23-May | AK1: 24-May | AL1: 25-May | AM1: 26-May | AN1: 27-May | AO1: 28-May | AP1: 29-May | AQ1: 30-May | AR1: 31-May | AS1: 01-Jun | AT1: 02-Jun | AU1: 03-Jun | AV1: 04-Jun | AW1: 05-Jun | AX1: 06-Jun | AY1: 07-Jun | AZ1: 08-Jun | BA1: 09-Jun | BB1: 10-Jun | BC1: 11-Jun | BD1: 12-Jun | BE1: 13-Jun | BF1: 14-Jun | BG1: 15-Jun | BH1: 16-Jun | BI1: 17-Jun | BJ1: 18-Jun | BK1: 19-Jun | BL1: 20-Jun | BM1: 21-Jun | BN1: 22-Jun | BO1: 23-Jun | BP1: 24-Jun | BQ1: 25-Jun | BR1: 26-Jun | BS1: 27-Jun | BT1: 28-Jun | BU1: 29-Jun | BV1: 30-Jun | BW1: 01-Jul | BX1: 02-Jul | BY1: 03-Jul | BZ1: 04-Jul | CA1: 05-Jul | CB1: 06-Jul | CC1: 07-Jul | CD1: 08-Jul | CE1: 09-Jul | CF1: 10-Jul | CG1: 11-Jul | CH1: 12-Jul | CI1: 13-Jul | CJ1: 14-Jul | CK1: 15-Jul | CL1: 16-Jul | CM1: 17-Jul | CN1: 18-Jul | CO1: 19-Jul | CP1: 20-Jul | CQ1: 21-Jul | CR1: 22-Jul | CS1: 23-Jul | CT1: 24-Jul | CU1: 25-Jul | CV1: 26-Jul | CW1: 27-Jul | CX1: 28-Jul | CY1: 29-Jul | CZ1: 30-Jul | DA1: 31-Jul | DB1: 01-Aug | DC1: 02-Aug | DD1: 03-Aug | DE1: 04-Aug | DF1: 05-Aug | DG1: 06-Aug | DH1: 07-Aug | DI1: 08-Aug | DJ1: 09-Aug | DK1: 10-Aug | DL1: 11-Aug | DM1: 12-Aug | DN1: 13-Aug | DO1: 14-Aug | DP1: 15-Aug | DQ1: 16-Aug | DR1: 17-Aug | DS1: 18-Aug | DT1: 19-Aug | DU1: 20-Aug | DV1: 21-Aug | DW1: 22-Aug | DX1: 23-Aug | DY1: 24-Aug | DZ1: 25-Aug | EA1: 26-Aug | EB1: 27-Aug | EC1: 28-Aug | ED1: 29-Aug | EE1: 30-Aug | EF1: 31-Aug | EG1: 01-Sep | EH1: 02-Sep | EI1: 03-Sep | EJ1: 04-Sep | EK1: 05-Sep | EL1: 06-Sep | EM1: 07-Sep | EN1: 08-Sep | EO1: 09-Sep | EP1: 10-Sep | EQ1: 11-Sep | ER1: 12-Sep | ES1: 13-Sep | ET1: 14-Sep | EU1: 15-Sep | EV1: 16-Sep | EW1: 17-Sep | EX1: 18-Sep | EY1: 19-Sep | EZ1: 20-Sep | FA1: 21-Sep | FB1: 22-Sep | FC1: 23-Sep | FD1: 24-Sep | FE1: 25-Sep | FF1: 26-Sep | FG1: 27-Sep | FH1: 28-Sep | FI1: 29-Sep | FJ1: 30-Sep | FK1: 01-Oct | FL1: 02-Oct | FM1: 03-Oct | FN1: 04-Oct | FO1: 05-Oct | FP1: 06-Oct | FQ1: 07-Oct | FR1: 08-Oct | FS1: 09-Oct | FT1: 10-Oct | FU1: 11-Oct | FV1: 12-Oct | FW1: 13-Oct | FX1: 14-Oct | FY1: 15-Oct | FZ1: 16-Oct | GA1: 17-Oct | GB1: 18-Oct | GC1: 19-Oct | GD1: 20-Oct | GE1: 21-Oct | GF1: 22-Oct | GG1: 23-Oct | GH1: 24-Oct | GI1: 25-Oct | GJ1: 26-Oct | GK1: 27-Oct | GL1: 28-Oct | GM1: 29-Oct | GN1: 30-Oct | GO1: 31-Oct | GP1: 01-Nov | GQ1: 02-Nov | GR1: 03-Nov | GS1: 04-Nov | GT1: 05-Nov | GU1: 06-Nov | GV1: 07-Nov | GW1: 08-Nov | GX1: 09-Nov | GY1: 10-Nov | GZ1: 11-Nov | HA1: 12-Nov | HB1: 13-Nov | HC1: 14-Nov | HD1: 15-Nov | HE1: 16-Nov | HF1: 17-Nov | HG1: 18-Nov | HH1: 19-Nov | HI1: 20-Nov | HJ1: 21-Nov | HK1: 22-Nov | HL1: 23-Nov | HM1: 24-Nov | HN1: 25-Nov | HO1: 26-Nov | HP1: 27-Nov | HQ1: 28-Nov | HR1: 29-Nov | HS1: 30-Nov | HT1: 01-Dec | HU1: 02-Dec | HV1: 03-Dec | HW1: 04-Dec | HX1: 05-Dec | HY1: 06-Dec | HZ1: 07-Dec | IA1: 08-Dec | IB1: 09-Dec | IC1: 10-Dec | ID1: 11-Dec | IE1: 12-Dec | IF1: 13-Dec | IG1: 14-Dec | IH1: 15-Dec | II1: 16-Dec | IJ1: 17-Dec | IK1: 18-Dec | IL1: 19-Dec | IM1: 20-Dec | IN1: 21-Dec | IO1: 22-Dec | IP1: 23-Dec | IQ1: 24-Dec | IR1: 25-Dec | IS1: 26-Dec | IT1: 27-Dec | IU1: 28-Dec | IV1: 29-Dec | IW1: 30-Dec | IX1: 31-Dec
A2: IOB-002 | B2: WARMING BLANKET | C2: INTRAOPERATIVE | D2: LOWER BODY | E2: ="Intraoperative Warming Blanket Lower Body 62"" x 46"" (142 cm x 120 cm)"&CHAR(10)&"LOT # "&H2&" "&"EXP # "&TEXT(I2,"dd-mm-yyyy") -> Intraoperative Warming Blanket Lower Body 62" x 46" (142 cm x 120 cm) LOT # WB250608002S EXP # 07-06-2028 | F2: IOB | G2: OUT OF STOCK | H2: WB250608002S | I2: 46911 | J2: =K2-L2 -> 0 | K2: 0 | L2: =SUM(N2:IX2) -> 0 | M2: B
A3: IOB-002 | B3: WARMING BLANKET | C3: INTRAOPERATIVE | D3: LOWER BODY | E3: ="Intraoperative Warming Blanket Lower Body 62"" x 46"" (142 cm x 120 cm)"&CHAR(10)&"LOT # "&H3&" "&"EXP # "&TEXT(I3,"dd-mm-yyyy") -> Intraoperative Warming Blanket Lower Body 62" x 46" (142 cm x 120 cm) LOT # 25082702002 EXP # 26-08-2028 | F3: IOB | G3: OUT OF STOCK | H3: 25082702002 | I3: 46991 | J3: =K3-L3 -> 0 | K3: 0 | L3: =SUM(N3:IX3) -> 0 | M3: B
A4: IOB-002 | B4: WARMING BLANKET | C4: INTRAOPERATIVE | D4: LOWER BODY | E4: ="Intraoperative Warming Blanket Lower Body 62"" x 46"" (142 cm x 120 cm)"&CHAR(10)&"LOT # "&H4&" "&"EXP # "&TEXT(I4,"dd-mm-yyyy") -> Intraoperative Warming Blanket Lower Body 62" x 46" (142 cm x 120 cm) LOT # 25121206002 EXP # 11-12-2028 | F4: IOB | G4: NEAR EXP | H4: 25121206002 | I4: 47098 | J4: =K4-L4 -> 24 | K4: 99 | L4: =SUM(N4:IX4) -> 75 | M4: B | R4: =40 -> 40 | Y4: =20 -> 20 | AH4: =15 -> 15
A5: IOB-002 | B5: WARMING BLANKET | C5: INTRAOPERATIVE | D5: LOWER BODY | E5: ="Intraoperative Warming Blanket Lower Body 62"" x 46"" (142 cm x 120 cm)"&CHAR(10)&"LOT # "&H5&" "&"EXP # "&TEXT(I5,"dd-mm-yyyy") -> Intraoperative Warming Blanket Lower Body 62" x 46" (142 cm x 120 cm) LOT # 25051203002 EXP # 11-05-2028 | F5: IOB | G5: OUT OF STOCK | H5: 25051203002 | I5: 46884 | J5: =K5-L5 -> 0 | K5: 0 | L5: =SUM(N5:IX5) -> 0 | M5: B
A6: IOB-002 | B6: WARMING BLANKET | C6: INTRAOPERATIVE | D6: LOWER BODY | E6: ="Intraoperative Warming Blanket Lower Body 62"" x 46"" (142 cm x 120 cm)"&CHAR(10)&"LOT # "&H6&" "&"EXP # "&TEXT(I6,"dd-mm-yyyy") -> Intraoperative Warming Blanket Lower Body 62" x 46" (142 cm x 120 cm) LOT # WB230714002S EXP # 13-07-2026 | F6: IOB | G6: OUT OF STOCK | H6: WB230714002S | I6: 46216 | J6: =K6-L6 -> 0 | K6: 0 | L6: =SUM(N6:IX6) -> 0 | M6: =SUM(J2:J6) -> 24
A7: IOB-003 | B7: WARMING BLANKET | C7: INTRAOPERATIVE | D7: UPPER BODY | E7: ="Intraoperative Warming Blanket Upper Body 80"" x 25"" (202 cm x 64 cm)"&CHAR(10)&"LOT # "&H7&" "&"EXP # "&TEXT(I7,"dd-mm-yyyy") -> Intraoperative Warming Blanket Upper Body 80" x 25" (202 cm x 64 cm) LOT # 25072302003 EXP # 22-07-2028 | F7: IOB | G7: OUT OF STOCK | H7: 25072302003 | I7: 46956 | J7: =K7-L7 -> 0 | K7: 0 | L7: =SUM(N7:IX7) -> 0 | M7: B
A8: IOB-003 | E8: ="Intraoperative Warming Blanket Upper Body 80"" x 25"" (202 cm x 64 cm)"&CHAR(10)&"LOT # "&H8&" "&"EXP # "&TEXT(I8,"dd-mm-yyyy") -> Intraoperative Warming Blanket Upper Body 80" x 25" (202 cm x 64 cm) LOT # 25121901003 EXP # 18-12-2028 | F8: IOB | G8: OUT OF STOCK | H8: 25121901003 | I8: 47105 | J8: =K8-L8 -> 0 | K8: 0 | L8: =SUM(N8:IX8) -> 0 | M8: B
A9: IOB-003 | B9: WARMING BLANKET | C9: INTRAOPERATIVE | D9: UPPER BODY | E9: ="Intraoperative Warming Blanket Upper Body 80"" x 25"" (202 cm x 64 cm)"&CHAR(10)&"LOT # "&H9&" "&"EXP # "&TEXT(I9,"dd-mm-yyyy") -> Intraoperative Warming Blanket Upper Body 80" x 25" (202 cm x 64 cm) LOT # WB250607003S EXP # 06-06-2028 | F9: IOB | G9: OUT OF STOCK | H9: WB250607003S | I9: 46910 | J9: =K9-L9 -> 0 | K9: 0 | L9: =SUM(N9:IX9) -> 0 | M9: B
A10: IOB-003 | B10: WARMING BLANKET | C10: INTRAOPERATIVE | D10: UPPER BODY | E10: ="Intraoperative Warming Blanket Upper Body 80"" x 25"" (202 cm x 64 cm)"&CHAR(10)&"LOT # "&H10&" "&"EXP # "&TEXT(I10,"dd-mm-yyyy") -> Intraoperative Warming Blanket Upper Body 80" x 25" (202 cm x 64 cm) LOT # WB230720003S EXP # 19-07-2026 | F10: IOB | G10: OUT OF STOCK | H10: WB230720003S | I10: 46222 | J10: =K10-L10 -> 0 | K10: 0 | L10: =SUM(N10:IX10) -> 0 | M10: B
A11: IOB-003 | E11: ="Intraoperative Warming Blanket Upper Body 80"" x 25"" (202 cm x 64 cm)"&CHAR(10)&"LOT # "&H11&" "&"EXP # "&TEXT(I11,"dd-mm-yyyy") -> Intraoperative Warming Blanket Upper Body 80" x 25" (202 cm x 64 cm) LOT # 26030601003 EXP # 05-03-2029 | F11: IOB | G11: NEAR EXP | H11: 26030601003 | I11: 47182 | J11: =K11-L11 -> 767 | K11: 1400 | L11: =SUM(N11:IX11) -> 633 | M11: B | V11: =20+40+50+20+40+40+50+73+110 -> 443 | AF11: =60 -> 60 | AH11: =40 -> 40 | AS11: =50+40 -> 90
A12: IOB-003 | B12: WARMING BLANKET | C12: INTRAOPERATIVE | D12: UPPER BODY | E12: ="Intraoperative Warming Blanket Upper Body 80"" x 25"" (202 cm x 64 cm)"&CHAR(10)&"LOT # "&H12&" "&"EXP # "&TEXT(I12,"dd-mm-yyyy") -> Intraoperative Warming Blanket Upper Body 80" x 25" (202 cm x 64 cm) LOT # WB230615003 EXP # 14-06-2026 | F12: IOB | G12: OUT OF STOCK | H12: WB230615003 | I12: 46187 | J12: =K12-L12 -> 0 | K12: 0 | L12: =SUM(N12:IX12) -> 0 | M12: B
A13: IOB-003 | B13: WARMING BLANKET | C13: INTRAOPERATIVE | D13: UPPER BODY | E13: ="Intraoperative Warming Blanket Upper Body 80"" x 25"" (202 cm x 64 cm)"&CHAR(10)&"LOT # "&H13&" "&"EXP # "&TEXT(I13,"dd-mm-yyyy") -> Intraoperative Warming Blanket Upper Body 80" x 25" (202 cm x 64 cm) LOT # 25030501003 EXP # 04-03-2028 | F13: IOB | G13: OUT OF STOCK | H13: 25030501003 | I13: 46816 | J13: =K13-L13 -> 0 | K13: 0 | L13: =SUM(N13:IX13) -> 0 | M13: =SUM(J7:J13) -> 767
A14: IOB-004 | B14: WARMING BLANKET | C14: INTRAOPERATIVE | D14: FULL BODY | E14: ="Intraoperative Warming Blanket Adult Full Body 83"" x 47"" (210 cm x 120 cm) 40/box"&CHAR(10)&"LOT # "&H14&" "&"EXP # "&TEXT(I14,"dd-mm-yyyy") -> Intraoperative Warming Blanket Adult Full Body 83" x 47" (210 cm x 120 cm) 40/box LOT # 25072104004 EXP # 20-07-2028 | F14: IOB | G14: OUT OF STOCK | H14: 25072104004 | I14: 46954 | J14: =K14-L14 -> 0 | K14: 0 | L14: =SUM(N14:IX14) -> 0 | M14: B
A15: IOB-004 | B15: WARMING BLANKET | C15: INTRAOPERATIVE | D15: FULL BODY | E15: ="Intraoperative Warming Blanket Adult Full Body 83"" x 47"" (210 cm x 120 cm) 40/box"&CHAR(10)&"LOT # "&H15&" "&"EXP # "&TEXT(I15,"dd-mm-yyyy") -> Intraoperative Warming Blanket Adult Full Body 83" x 47" (210 cm x 120 cm) 40/box LOT # 25030502004 EXP # 04-03-2028 | F15: IOB | G15: OUT OF STOCK | H15: 25030502004 | I15: 46816 | J15: =K15-L15 -> 0 | K15: 0 | L15: =SUM(N15:IX15) -> 0 | M15: B
A16: IOB-004 | E16: ="Intraoperative Warming Blanket Adult Full Body 83"" x 47"" (210 cm x 120 cm) 40/box"&CHAR(10)&"LOT # "&H16&" "&"EXP # "&TEXT(I16,"dd-mm-yyyy") -> Intraoperative Warming Blanket Adult Full Body 83" x 47" (210 cm x 120 cm) 40/box LOT # 25121903004 EXP # 18-12-2028 | F16: IOB | G16: OUT OF STOCK | H16: 25121903004 | I16: 47105 | J16: =K16-L16 -> 0 | K16: 208 | L16: =SUM(N16:IX16) -> 208 | M16: B | N16: =5+2+10 -> 17 | R16: =80 -> 80 | S16: =40 -> 40 | U16: =40 -> 40 | Y16: =20 -> 20 | AA16: =11 -> 11
A17: IOB-004 | E17: ="Intraoperative Warming Blanket Adult Full Body 83"" x 47"" (210 cm x 120 cm) 40/box"&CHAR(10)&"LOT # "&H17&" "&"EXP # "&TEXT(I17,"dd-mm-yyyy") -> Intraoperative Warming Blanket Adult Full Body 83" x 47" (210 cm x 120 cm) 40/box LOT # 26032302004 EXP # 22-03-2029 | F17: IOB | G17: NEAR EXP | H17: 26032302004 | I17: 47199 | J17: =K17-L17 -> 6733 | K17: 11000 | L17: =SUM(N17:IX17) -> 4267 | M17: B | V17: =120+320+320+880+320+80 -> 2040 | AA17: =109 -> 109 | AE17: =30+320 -> 350 | AG17: =1000 -> 1000 | AK17: =120+40 -> 160 | AS17: =160+3+5+200 -> 368 | AT17: =120+120 -> 240
A18: IOB-004 | B18: WARMING BLANKET | C18: INTRAOPERATIVE | D18: FULL BODY | E18: ="Intraoperative Warming Blanket Adult Full Body 83"" x 47"" (210 cm x 120 cm) 40/box"&CHAR(10)&"LOT # "&H18&" "&"EXP # "&TEXT(I18,"dd-mm-yyyy") -> Intraoperative Warming Blanket Adult Full Body 83" x 47" (210 cm x 120 cm) 40/box LOT # 25082705004 EXP # 26-08-2028 | F18: IOB | G18: OUT OF STOCK | H18: 25082705004 | I18: 46991 | J18: =K18-L18 -> 0 | K18: 0 | L18: =SUM(N18:IX18) -> 0 | M18: B
A19: IOB-004 | B19: WARMING BLANKET | C19: INTRAOPERATIVE | D19: FULL BODY | E19: ="Intraoperative Warming Blanket Adult Full Body 83"" x 47"" (210 cm x 120 cm) 40/box"&CHAR(10)&"LOT # "&H19&" "&"EXP # "&TEXT(I19,"dd-mm-yyyy") -> Intraoperative Warming Blanket Adult Full Body 83" x 47" (210 cm x 120 cm) 40/box LOT # 25042302004 EXP # 22-04-2028 | F19: IOB | G19: OUT OF STOCK | H19: 25042302004 | I19: 46865 | J19: =K19-L19 -> 0 | K19: 0 | L19: =SUM(N19:IX19) -> 0 | M19: B
A20: IOB-004 | B20: WARMING BLANKET | C20: INTRAOPERATIVE | D20: FULL BODY | E20: ="Intraoperative Warming Blanket Adult Full Body 83"" x 47"" (210 cm x 120 cm) 40/box"&CHAR(10)&"LOT # "&H20&" "&"EXP # "&TEXT(I20,"dd-mm-yyyy") -> Intraoperative Warming Blanket Adult Full Body 83" x 47" (210 cm x 120 cm) 40/box LOT # 25030403004 EXP # 03-03-2028 | F20: IOB | G20: OUT OF STOCK | H20: 25030403004 | I20: 46815 | J20: =K20-L20 -> 0 | K20: 0 | L20: =SUM(N20:IX20) -> 0 | M20: =SUM(J14:J20) -> 6733
A21: IOB-006 | B21: WARMING BLANKET | C21: UNDER BODY | D21: UNDER BODY | E21: ="Underbody Warming Blanket Full Access Underbody 85"" x 47"" (210 cm x 120cm)"&CHAR(10)&"LOT # "&H21&" "&"EXP # "&TEXT(I21,"dd-mm-yyyy") -> Underbody Warming Blanket Full Access Underbody 85" x 47" (210 cm x 120cm) LOT # WB230612004 EXP # 10-06-2028 | F21: IOB | G21: NEAR EXP | H21: WB230612004 | I21: 46914 | J21: =K21-L21 -> 370 | K21: 370 | L21: =SUM(N21:IX21) -> 0 | M21: =SUM(J21) -> 370
A22: IOB-007 | B22: WARMING BLANKET | C22: PEDIATRIC | D22: FULL BODY | E22: ="Pediatric Warming Blanket Pediatric Full Body 67"" x 39"" (170cm x 100cm)"&CHAR(10)&"LOT # "&H22&" "&"EXP # "&TEXT(I22,"dd-mm-yyyy") -> Pediatric Warming Blanket Pediatric Full Body 67" x 39" (170cm x 100cm) LOT # WB230715007S EXP # 14-07-2026 | F22: IOB | G22: OUT OF STOCK | H22: WB230715007S | I22: 46217 | J22: =K22-L22 -> 0 | K22: 0 | L22: =SUM(N22:IX22) -> 0 | M22: B
A23: IOB-007 | B23: WARMING BLANKET | C23: PEDIATRIC | D23: FULL BODY | E23: ="Pediatric Warming Blanket Pediatric Full Body 67"" x 39"" (170cm x 100cm)"&CHAR(10)&"LOT # "&H23&" "&"EXP # "&TEXT(I23,"dd-mm-yyyy") -> Pediatric Warming Blanket Pediatric Full Body 67" x 39" (170cm x 100cm) LOT # WB230617007S EXP # 16-06-2026 | F23: IOB | G23: OUT OF STOCK | H23: WB230617007S | I23: 46189 | J23: =K23-L23 -> 0 | K23: 0 | L23: =SUM(N23:IX23) -> 0 | M23: B
A24: IOB-007 | B24: WARMING BLANKET | C24: PEDIATRIC | D24: FULL BODY | E24: ="Pediatric Warming Blanket Pediatric Full Body 67"" x 39"" (170cm x 100cm)"&CHAR(10)&"LOT # "&H24&" "&"EXP # "&TEXT(I24,"dd-mm-yyyy") -> Pediatric Warming Blanket Pediatric Full Body 67" x 39" (170cm x 100cm) LOT # 25111702007 EXP # 16-11-2028 | F24: IOB | G24: OUT OF STOCK | H24: 25111702007 | I24: 47073 | J24: =K24-L24 -> 0 | K24: 0 | L24: =SUM(N24:IX24) -> 0 | M24: B
A25: IOB-007 | B25: WARMING BLANKET | C25: PEDIATRIC | D25: FULL BODY | E25: ="Pediatric Warming Blanket Pediatric Full Body 67"" x 39"" (170cm x 100cm)"&CHAR(10)&"LOT # "&H25&" "&"EXP # "&TEXT(I25,"dd-mm-yyyy") -> Pediatric Warming Blanket Pediatric Full Body 67" x 39" (170cm x 100cm) LOT # 25121104007 EXP # 10-12-2028 | F25: IOB | G25: NEAR EXP | H25: 25121104007 | I25: 47097 | J25: =K25-L25 -> 224 | K25: 384 | L25: =SUM(N25:IX25) -> 160 | M25: B | AE25: =120 -> 120 | AT25: =40 -> 40
A26: IOB-007 | B26: WARMING BLANKET | C26: PEDIATRIC | D26: FULL BODY | E26: ="Pediatric Warming Blanket Pediatric Full Body 67"" x 39"" (170cm x 100cm)"&CHAR(10)&"LOT # "&H26&" "&"EXP # "&TEXT(I26,"dd-mm-yyyy") -> Pediatric Warming Blanket Pediatric Full Body 67" x 39" (170cm x 100cm) LOT # WB230715007S EXP # 14-07-2026 | F26: IOB | G26: OUT OF STOCK | H26: WB230715007S | I26: 46217 | J26: =K26-L26 -> 0 | K26: 0 | L26: =SUM(N26:IX26) -> 0 | M26: B
A27: IOB-007 | B27: WARMING BLANKET | C27: PEDIATRIC | D27: FULL BODY | E27: ="Pediatric Warming Blanket Pediatric Full Body 67"" x 39"" (170cm x 100cm)"&CHAR(10)&"LOT # "&H27&" "&"EXP # "&TEXT(I27,"dd-mm-yyyy") -> Pediatric Warming Blanket Pediatric Full Body 67" x 39" (170cm x 100cm) LOT # 25030503007 EXP # 04-03-2028 | F27: IOB | G27: OUT OF STOCK | H27: 25030503007 | I27: 46816 | J27: =K27-L27 -> 0 | K27: 0 | L27: =SUM(N27:IX27) -> 0 | M27: =SUM(J22:J27) -> 224
A28: IOB-008 | B28: WARMING BLANKET | C28: POSTOPERATIVE - SURGICAL | D28: FULL BODY | E28: ="Postoperative Warming Blanket Full Body Surgical 83"" x 47"" (210cm X 120cm)"&CHAR(10)&"LOT # "&H28&" "&"EXP # "&TEXT(I28,"dd-mm-yyyy") -> Postoperative Warming Blanket Full Body Surgical 83" x 47" (210cm X 120cm) LOT # 25042801008 EXP # 27-04-2028 | F28: IOB | G28: OUT OF STOCK | H28: 25042801008 | I28: 46870 | J28: =K28-L28 -> 0 | K28: 0 | L28: =SUM(N28:IX28) -> 0 | M28: B
A29: IOB-008 | B29: WARMING BLANKET | C29: POSTOPERATIVE - SURGICAL | D29: FULL BODY | E29: ="Postoperative Warming Blanket Full Body Surgical 83"" x 47"" (210cm X 120cm)"&CHAR(10)&"LOT # "&H29&" "&"EXP # "&TEXT(I29,"dd-mm-yyyy") -> Postoperative Warming Blanket Full Body Surgical 83" x 47" (210cm X 120cm) LOT # 25082701008 EXP # 26-08-2028 | F29: IOB | G29: NEAR EXP | H29: 25082701008 | I29: 46991 | J29: =K29-L29 -> 420 | K29: 500 | L29: =SUM(N29:IX29) -> 80 | M29: B | T29: =40 -> 40 | AS29: =40 -> 40
A30: IOB-008 | B30: WARMING BLANKET | C30: POSTOPERATIVE - SURGICAL | D30: FULL BODY | E30: ="Postoperative Warming Blanket Full Body Surgical 83"" x 47"" (210cm X 120cm)"&CHAR(10)&"LOT # "&H30&" "&"EXP # "&TEXT(I30,"dd-mm-yyyy") -> Postoperative Warming Blanket Full Body Surgical 83" x 47" (210cm X 120cm) LOT # WB230717008S EXP # 16-07-2026 | F30: IOB | G30: OUT OF STOCK | H30: WB230717008S | I30: 46219 | J30: =K30-L30 -> 0 | K30: 0 | L30: =SUM(N30:IX30) -> 0 | M30: =SUM(J28:J30) -> 420
A31: IOB-009 | B31: WARMING BLANKET | C31: LARGE PEDIATRIC | D31: UNDER BODY | E31: ="Large Pediatric Under Body 36"" x 31""(160cm x 80cm)"&CHAR(10)&"LOT # "&H31&" "&"EXP # "&TEXT(I31,"dd-mm-yyyy") -> Large Pediatric Under Body 36" x 31"(160cm x 80cm) LOT # 25082706009 EXP # 26-08-2028 | F31: IOB | G31: NEAR EXP | H31: 25082706009 | I31: 46991 | J31: =K31-L31 -> 390 | K31: 390 | L31: =SUM(N31:IX31) -> 0 | M31: B
A32: IOB-009 | B32: WARMING BLANKET | C32: LARGE PEDIATRIC | D32: UNDER BODY | E32: ="Large Pediatric Under Body 36"" x 31""(160cm x 80cm)"&CHAR(10)&"LOT # "&H32&" "&"EXP # "&TEXT(I32,"dd-mm-yyyy") -> Large Pediatric Under Body 36" x 31"(160cm x 80cm) LOT # WB202406200 EXP # 19-06-2027 | F32: IOB | G32: OUT OF STOCK | H32: WB202406200 | I32: 46557 | J32: =K32-L32 -> 0 | K32: 0 | L32: =SUM(N32:IX32) -> 0 | M32: =SUM(J31:J32) -> 390
A33: IOB-012 | B33: WARMING BLANKET | C33: PEDIATRIC | D33: LOWER BODY | E33: ="Pediatric Warming Blanket Pediatric Lower Body 56"" x 39""(142cm x 100cm)"&CHAR(10)&"LOT # "&H33&" "&"EXP # "&TEXT(I33,"dd-mm-yyyy") -> Pediatric Warming Blanket Pediatric Lower Body 56" x 39"(142cm x 100cm) LOT # 20240120 EXP # 17-09-2027 | F33: IOB | G33: NEAR EXP | H33: 20240120 | I33: 46647 | J33: =K33-L33 -> 322 | K33: 322 | L33: =SUM(N33:IX33) -> 0 | M33: =SUM(J33) -> 322
A34: IOB-016 | B34: WARMING BLANKET | C34: SURGICAL | D34: SURGICAL | E34: ="Surgical Access Warming Blanket 83"" x 47"" (210cm x 120cm)"&CHAR(10)&"LOT # "&H34&" "&"EXP # "&TEXT(I34,"dd-mm-yyyy") -> Surgical Access Warming Blanket 83" x 47" (210cm x 120cm) LOT # WB240827016 EXP # 26-08-2027 | F34: IOB | G34: OUT OF STOCK | H34: WB240827016 | I34: 46625 | J34: =K34-L34 -> 0 | K34: 0 | L34: =SUM(N34:IX34) -> 0 | M34: B
A35: IOB-016 | B35: WARMING BLANKET | C35: SURGICAL | D35: SURGICAL | E35: ="Surgical Access Warming Blanket 83"" x 47"" (210cm x 120cm)"&CHAR(10)&"LOT # "&H35&" "&"EXP # "&TEXT(I35,"dd-mm-yyyy") -> Surgical Access Warming Blanket 83" x 47" (210cm x 120cm) LOT # 25072304016 EXP # 22-07-2028 | F35: IOB | G35: OUT OF STOCK | H35: 25072304016 | I35: 46956 | J35: =K35-L35 -> 0 | K35: 0 | L35: =SUM(N35:IX35) -> 0 | M35: B
A36: IOB-016 | B36: WARMING BLANKET | C36: SURGICAL | D36: SURGICAL | E36: ="Surgical Access Warming Blanket 83"" x 47"" (210cm x 120cm)"&CHAR(10)&"LOT # "&H36&" "&"EXP # "&TEXT(I36,"dd-mm-yyyy") -> Surgical Access Warming Blanket 83" x 47" (210cm x 120cm) LOT # 25121902016 EXP # 18-12-2028 | F36: IOB | G36: OUT OF STOCK | H36: 25121902016 | I36: 47105 | J36: =K36-L36 -> 0 | K36: 0 | L36: =SUM(N36:IX36) -> 0 | M36: B
A37: IOB-016 | B37: WARMING BLANKET | C37: SURGICAL | D37: SURGICAL | E37: ="Surgical Access Warming Blanket 83"" x 47"" (210cm x 120cm)"&CHAR(10)&"LOT # "&H37&" "&"EXP # "&TEXT(I37,"dd-mm-yyyy") -> Surgical Access Warming Blanket 83" x 47" (210cm x 120cm) LOT # 25092201016 EXP # 21-09-2028 | F37: IOB | G37: NEAR EXP | H37: 25092201016 | I37: 47017 | J37: =K37-L37 -> 79 | K37: 239 | L37: =SUM(N37:IX37) -> 160 | M37: B | N37: =40+20 -> 60 | AH37: =40 -> 40 | AI37: =40 -> 40 | AS37: =20 -> 20
A38: IOB-016 | B38: WARMING BLANKET | C38: SURGICAL | D38: SURGICAL | E38: ="Surgical Access Warming Blanket 83"" x 47"" (210cm x 120cm)"&CHAR(10)&"LOT # "&H38&" "&"EXP # "&TEXT(I38,"dd-mm-yyyy") -> Surgical Access Warming Blanket 83" x 47" (210cm x 120cm) LOT # 25030504016 EXP # 04-03-2028 | F38: IOB | G38: OUT OF STOCK | H38: 25030504016 | I38: 46816 | J38: =K38-L38 -> 0 | K38: 0 | L38: =SUM(N38:IX38) -> 0 | M38: =SUM(J34:J38) -> 79
A39: IOB-025 | B39: WARMING BLANKET | C39: INFANT | D39: FULL BODY / UNDER BODY | E39: ="Infant Full Body / Under Body 47"" x 31"" (120cm x 80 cm)"&CHAR(10)&"LOT # "&H39&" "&"EXP # "&TEXT(I39,"dd-mm-yyyy") -> Infant Full Body / Under Body 47" x 31" (120cm x 80 cm) LOT # WU240737015 EXP # 15-03-2027 | F39: IOB | G39: NEAR EXP | H39: WU240737015 | I39: 46461 | J39: =K39-L39 -> 1 | K39: 1 | L39: =SUM(N39:IX39) -> 0 | M39: B
A40: IOB-025 | B40: WARMING BLANKET | C40: INFANT | D40: FULL BODY / UNDER BODY | E40: ="Infant Full Body / Under Body 47"" x 31"" (120cm x 80 cm)"&CHAR(10)&"LOT # "&H40&" "&"EXP # "&TEXT(I40,"dd-mm-yyyy") -> Infant Full Body / Under Body 47" x 31" (120cm x 80 cm) LOT # WU240737015 EXP # 15-03-2027 | F40: IOB | G40: EXPIRED | H40: WU240737015 | I40: 46461 | J40: =K40-L40 -> 464 | K40: 464 | L40: =SUM(N40:IX40) -> 0 | M40: =SUM(J39:J40) -> 465
A41: IOB-028 | B41: WARMING BLANKET | C41: INFANT | D41: UNDER BODY | E41: ="Pediatric Warming Blanket Infant Under Body 39"" x 39"" (100cm X 100cm) 40/box"&CHAR(10)&"LOT # "&H41&" "&"EXP # "&TEXT(I41,"dd-mm-yyyy") -> Pediatric Warming Blanket Infant Under Body 39" x 39" (100cm X 100cm) 40/box LOT # WB240717028 EXP # 16-07-2027 | F41: IOB | G41: OUT OF STOCK | H41: WB240717028 | I41: 46584 | J41: =K41-L41 -> 0 | K41: 0 | L41: =SUM(N41:IX41) -> 0 | M41: B
A42: IOB-028 | B42: WARMING BLANKET | C42: INFANT | D42: UNDER BODY | E42: ="Pediatric Warming Blanket Infant Under Body 39"" x 39"" (100cm X 100cm) 40/box"&CHAR(10)&"LOT # "&H42&" "&"EXP # "&TEXT(I42,"dd-mm-yyyy") -> Pediatric Warming Blanket Infant Under Body 39" x 39" (100cm X 100cm) 40/box LOT # 25030505028 EXP # 04-03-2028 | F42: IOB | G42: OUT OF STOCK | H42: 25030505028 | I42: 46816 | J42: =K42-L42 -> 0 | K42: 0 | L42: =SUM(N42:IX42) -> 0 | M42: B
A43: IOB-028 | B43: WARMING BLANKET | C43: INFANT | D43: UNDER BODY | E43: ="Pediatric Warming Blanket Infant Under Body 39"" x 39"" (100cm X 100cm) 40/box"&CHAR(10)&"LOT # "&H43&" "&"EXP # "&TEXT(I43,"dd-mm-yyyy") -> Pediatric Warming Blanket Infant Under Body 39" x 39" (100cm X 100cm) 40/box LOT # 25111701028 EXP # 16-11-2028 | F43: IOB | G43: NEAR EXP | H43: 25111701028 | I43: 47073 | J43: =K43-L43 -> 99 | K43: 259 | L43: =SUM(N43:IX43) -> 160 | M43: B | Q43: =30 -> 30 | R43: =30 -> 30 | U43: =20 -> 20 | AE43: =50 -> 50 | AS43: =30 -> 30
A44: IOB-028 | B44: WARMING BLANKET | C44: INFANT | D44: UNDER BODY | E44: ="Pediatric Warming Blanket Infant Under Body 39"" x 39"" (100cm X 100cm) 40/box"&CHAR(10)&"LOT # "&H44&" "&"EXP # "&TEXT(I44,"dd-mm-yyyy") -> Pediatric Warming Blanket Infant Under Body 39" x 39" (100cm X 100cm) 40/box LOT # 26032001028 EXP # 19-03-2029 | F44: IOB | G44: FAR EXP | H44: 26032001028 | I44: 47196 | J44: =K44-L44 -> 400 | K44: 400 | L44: =SUM(N44:IX44) -> 0 | M44: B
A45: IOB-028 | B45: WARMING BLANKET | C45: INFANT | D45: UNDER BODY | E45: ="Pediatric Warming Blanket Infant Under Body 39"" x 39"" (100cm X 100cm) 40/box"&CHAR(10)&"LOT # "&H45&" "&"EXP # "&TEXT(I45,"dd-mm-yyyy") -> Pediatric Warming Blanket Infant Under Body 39" x 39" (100cm X 100cm) 40/box LOT # 25121105028 EXP # 10-12-2028 | F45: IOB | G45: OUT OF STOCK | H45: 25121105028 | I45: 47097 | J45: =K45-L45 -> 0 | K45: 0 | L45: =SUM(N45:IX45) -> 0 | M45: B
A46: IOB-028 | B46: WARMING BLANKET | C46: INFANT | D46: UNDER BODY | E46: ="Pediatric Warming Blanket Infant Under Body 39"" x 39"" (100cm X 100cm) 40/box"&CHAR(10)&"LOT # "&H46&" "&"EXP # "&TEXT(I46,"dd-mm-yyyy") -> Pediatric Warming Blanket Infant Under Body 39" x 39" (100cm X 100cm) 40/box LOT # 25082707028 EXP # 26-08-2028 | F46: IOB | G46: OUT OF STOCK | H46: 25082707028 | I46: 46991 | J46: =K46-L46 -> 0 | K46: 0 | L46: =SUM(N46:IX46) -> 0 | M46: B
A47: IOB-028 | B47: WARMING BLANKET | C47: INFANT | D47: UNDER BODY | E47: ="Pediatric Warming Blanket Infant Under Body 39"" x 39"" (100cm X 100cm) 40/box"&CHAR(10)&"LOT # "&H47&" "&"EXP # "&TEXT(I47,"dd-mm-yyyy") -> Pediatric Warming Blanket Infant Under Body 39" x 39" (100cm X 100cm) 40/box LOT # 25072303028 EXP # 22-07-2028 | F47: IOB | G47: OUT OF STOCK | H47: 25072303028 | I47: 46956 | J47: =K47-L47 -> 0 | K47: 0 | L47: =SUM(N47:IX47) -> 0 | M47: B
A48: IOB-028 | B48: WARMING BLANKET | C48: INFANT | D48: UNDER BODY | E48: ="Pediatric Warming Blanket Infant Under Body 39"" x 39"" (100cm X 100cm) 40/box"&CHAR(10)&"LOT # "&H48&" "&"EXP # "&TEXT(I48,"dd-mm-yyyy") -> Pediatric Warming Blanket Infant Under Body 39" x 39" (100cm X 100cm) 40/box LOT # WB24041108S EXP # 10-04-2027 | F48: IOB | G48: OUT OF STOCK | H48: WB24041108S | I48: 46487 | J48: =K48-L48 -> 0 | K48: 0 | L48: =SUM(N48:IX48) -> 0 | M48: =SUM(J41:J48) -> 499
A49: BOV-300-S | B49: SCD SLEEVES | C49: THIGH LENGTH | D49: THIGH | E49: ="Thigh Length SCD Sleeves - Small 30pairs/box"&CHAR(10)&"LOT # "&H49&" "&"EXP # "&TEXT(I49,"mm-yyyy") -> Thigh Length SCD Sleeves - Small 30pairs/box LOT # 20240910 EXP # 09-2029 | F49: LABTEK | G49: OUT OF STOCK | H49: 20240910 | I49: 47362 | J49: =K49-L49 -> 0 | K49: 0 | L49: =SUM(N49:IX49) -> 0 | M49: B
A50: BOV-300-S | B50: SCD SLEEVES | C50: THIGH LENGTH | D50: THIGH | E50: ="Thigh Length SCD Sleeves - Small 30pairs/box"&CHAR(10)&"LOT # "&H50&" "&"EXP # "&TEXT(I50,"dd-mm-yyyy") -> Thigh Length SCD Sleeves - Small 30pairs/box LOT # NO LOT # EXP # NO EXPIRY | F50: LABTEK | G50: OUT OF STOCK | H50: NO LOT # | I50: NO EXPIRY | J50: =K50-L50 -> 0 | K50: 0 | L50: =SUM(N50:IX50) -> 0 | M50: B
A51: BOV-300-S | B51: SCD SLEEVES | C51: THIGH LENGTH | D51: THIGH | E51: ="Thigh Length SCD Sleeves - Small 30pairs/box"&CHAR(10)&"LOT # "&H51&" "&"EXP # "&TEXT(I51,"mm-yyyy") -> Thigh Length SCD Sleeves - Small 30pairs/box LOT # 20250810 EXP # 08-2029 | F51: LABTEK | G51: OUT OF STOCK | H51: 20250810 | I51: 47331 | J51: =K51-L51 -> 0 | K51: 0 | L51: =SUM(N51:IX51) -> 0 | M51: B
A52: BOV-300-S | B52: SCD SLEEVES | C52: THIGH LENGTH | D52: THIGH | E52: ="Thigh Length SCD Sleeves - Small 30pairs/box"&CHAR(10)&"LOT # "&H52&" "&"EXP # "&TEXT(I52,"mm-yyyy") -> Thigh Length SCD Sleeves - Small 30pairs/box LOT # 241210 EXP # 12-2029 | F52: LABTEK | G52: OUT OF STOCK | H52: 241210 | I52: 47453 | J52: =K52-L52 -> 0 | K52: 0 | L52: =SUM(N52:IX52) -> 0 | M52: =SUM(J49:J52) -> 0
A53: BOV-300-M | D53: THIGH | E53: ="Thigh Length SCD Sleeves - Medium 25pairs/box"&CHAR(10)&"LOT # "&H53&" "&"EXP # "&TEXT(I53,"mm-yyyy") -> Thigh Length SCD Sleeves - Medium 25pairs/box LOT # 20250810 EXP # 08-2029 | F53: LABTEK | G53: OUT OF STOCK | H53: 20250810 | I53: 47331 | J53: =K53-L53 -> 0 | K53: 0 | L53: =SUM(N53:IX53) -> 0 | M53: B
A54: BOV-300-M | B54: SCD SLEEVES | C54: THIGH LENGTH | D54: THIGH | E54: ="Thigh Length SCD Sleeves - Medium 25pairs/box"&CHAR(10)&"LOT # "&H54&" "&"EXP # "&TEXT(I54,"dd-mm-yyyy") -> Thigh Length SCD Sleeves - Medium 25pairs/box LOT # 240320 EXP # 20-03-2029 | F54: LABTEK | G54: OUT OF STOCK | H54: 240320 | I54: 47197 | J54: =K54-L54 -> 0 | K54: 0 | L54: =SUM(N54:IX54) -> 0 | M54: B
A55: BOV-300-M | B55: SCD SLEEVES | C55: THIGH LENGTH | D55: THIGH | E55: ="Thigh Length SCD Sleeves - Medium 25pairs/box"&CHAR(10)&"LOT # "&H55&" "&"EXP # "&TEXT(I55,"mm-yyyy") -> Thigh Length SCD Sleeves - Medium 25pairs/box LOT # 240320 EXP # 03-2028 | F55: LABTEK | G55: OUT OF STOCK | H55: 240320 | I55: 46813 | J55: =K55-L55 -> 0 | K55: 0 | L55: =SUM(N55:IX55) -> 0 | M55: B
A56: BOV-300-M | B56: SCD SLEEVES | C56: THIGH LENGTH | D56: THIGH | E56: ="Thigh Length SCD Sleeves - Medium 25pairs/box"&CHAR(10)&"LOT # "&H56&" "&"EXP # "&TEXT(I56,"mm-yyyy") -> Thigh Length SCD Sleeves - Medium 25pairs/box LOT # 20250810 EXP # 08-2029 | F56: LABTEK | G56: OUT OF STOCK | H56: 20250810 | I56: 47331 | J56: =K56-L56 -> 0 | K56: 0 | L56: =SUM(N56:IX56) -> 0 | M56: B
A57: BOV-300-M | B57: SCD SLEEVES | C57: THIGH LENGTH | D57: THIGH | E57: ="Thigh Length SCD Sleeves - Medium 25pairs/box"&CHAR(10)&"LOT # "&H57&" "&"EXP # "&TEXT(I57,"mm-yyyy") -> Thigh Length SCD Sleeves - Medium 25pairs/box LOT # 20241210 EXP # 12-2029 | F57: LABTEK | G57: OUT OF STOCK | H57: 20241210 | I57: 47453 | J57: =K57-L57 -> 0 | K57: 0 | L57: =SUM(N57:IX57) -> 0 | M57: =SUM(J53:J57) -> 0
A58: BOV-300-L | B58: SCD SLEEVES | C58: THIGH LENGTH | D58: THIGH | E58: ="Thigh Length SCD Sleeves - Large 20pairs/box"&CHAR(10)&"LOT # "&H58&" "&"EXP # "&TEXT(I58,"mm-yyyy") -> Thigh Length SCD Sleeves - Large 20pairs/box LOT # 20230910 EXP # 09-2028 | F58: LABTEK | G58: OUT OF STOCK | H58: 20230910 | I58: 46997 | J58: =K58-L58 -> 0 | K58: 0 | L58: =SUM(N58:IX58) -> 0 | M58: B
A59: BOV-300-L | B59: SCD SLEEVES | C59: THIGH LENGTH | D59: THIGH | E59: ="Thigh Length SCD Sleeves - Large 20pairs/box"&CHAR(10)&"LOT # "&H59&" "&"EXP # "&TEXT(I59,"mm-yyyy") -> Thigh Length SCD Sleeves - Large 20pairs/box LOT # 20230910 EXP # 09-2028 | F59: LABTEK | G59: OUT OF STOCK | H59: 20230910 | I59: 46997 | J59: =K59-L59 -> 0 | K59: 0 | L59: =SUM(N59:IX59) -> 0 | M59: B
A60: BOV-300-L | B60: SCD SLEEVES | C60: THIGH LENGTH | D60: THIGH | E60: ="Thigh Length SCD Sleeves - Large 20pairs/box"&CHAR(10)&"LOT # "&H60&" "&"EXP # "&TEXT(I60,"mm-yyyy") -> Thigh Length SCD Sleeves - Large 20pairs/box LOT # 240320 EXP # 03-2029 | F60: LABTEK | G60: NEAR EXP | H60: 240320 | I60: 47178 | J60: =K60-L60 -> -1 | K60: -1 | L60: =SUM(N60:IX60) -> 0 | M60: =SUM(J58:J60) -> -1
A61: BOV-301-S | D61: KNEE | E61: ="Below Knee SCD Sleeves - Small 40 PAIRS/BOX"&CHAR(10)&"LOT # "&H61&" "&"EXP # "&TEXT(I61,"dd-mm-yyyy") -> Below Knee SCD Sleeves - Small 40 PAIRS/BOX LOT # 240320 EXP # 20-03-2029 | F61: LABTEK | G61: NEAR EXP | H61: 240320 | I61: 47197 | J61: =K61-L61 -> 0 | K61: 0 | L61: =SUM(N61:IX61) -> 0 | M61: B
A62: BOV-301-S | B62: SCD SLEEVES | C62: KNEE LENGTH | D62: KNEE | E62: ="Below Knee SCD Sleeves - Small 40 PAIRS/BOX"&CHAR(10)&"LOT # "&H62&" "&"EXP # "&TEXT(I62,"mm-yyyy") -> Below Knee SCD Sleeves - Small 40 PAIRS/BOX LOT # 240320 EXP # 03-2029 | F62: LABTEK | G62: NEAR EXP | H62: 240320 | I62: 47178 | J62: =K62-L62 -> 92 | K62: 92 | L62: =SUM(N62:IX62) -> 0 | M62: B
A63: BOV-301-S | B63: SCD SLEEVES | C63: KNEE LENGTH | D63: KNEE | E63: ="Below Knee SCD Sleeves - Small 40 PAIRS/BOX"&CHAR(10)&"LOT # "&H63&" "&"EXP # "&TEXT(I63,"mm-yyyy") -> Below Knee SCD Sleeves - Small 40 PAIRS/BOX LOT # 241210 EXP # 12-2029 | F63: LABTEK | G63: FAR EXP | H63: 241210 | I63: 47453 | J63: =K63-L63 -> 160 | K63: 160 | L63: =SUM(N63:IX63) -> 0 | M63: =SUM(J61:J63) -> 252
A64: BOV-301-M | B64: SCD SLEEVES | C64: KNEE LENGTH | D64: KNEE | E64: ="Below Knee SCD Sleeves - Medium 30 PAIRS/BOX"&CHAR(10)&"LOT # "&H64&" "&"EXP # "&TEXT(I64,"mm-yyyy") -> Below Knee SCD Sleeves - Medium 30 PAIRS/BOX LOT # 230910 EXP # 09-2028 | F64: LABTEK | G64: OUT OF STOCK | H64: 230910 | I64: 46997 | J64: =K64-L64 -> 0 | K64: 0 | L64: =SUM(N64:IX64) -> 0 | M64: B
A65: BOV-301-M | B65: SCD SLEEVES | C65: KNEE LENGTH | D65: KNEE | E65: ="Below Knee SCD Sleeves - Medium 30 PAIRS/BOX"&CHAR(10)&"LOT # "&H65&" "&"EXP # "&TEXT(I65,"mm-yyyy") -> Below Knee SCD Sleeves - Medium 30 PAIRS/BOX LOT # 240320 EXP # 03-2029 | F65: LABTEK | G65: OUT OF STOCK | H65: 240320 | I65: 47178 | J65: =K65-L65 -> 0 | K65: 0 | L65: =SUM(N65:IX65) -> 0 | M65: B
A66: BOV-301-M | B66: SCD SLEEVES | C66: KNEE LENGTH | D66: KNEE | E66: ="Below Knee SCD Sleeves - Medium 30 PAIRS/BOX"&CHAR(10)&"LOT # "&H66&" "&"EXP # "&TEXT(I66,"mm-yyyy") -> Below Knee SCD Sleeves - Medium 30 PAIRS/BOX LOT # 241210 EXP # 12-2029 | F66: LABTEK | G66: OUT OF STOCK | H66: 241210 | I66: 47453 | J66: =K66-L66 -> 0 | K66: 10 | L66: =SUM(N66:IX66) -> 10 | M66: =SUM(J64:J66) -> 0 | U66: =10 -> 10
A67: BOV-301-L | D67: KNEE | E67: ="Below Knee SCD Sleeves - Large 30 PAIRS/BOX"&CHAR(10)&"LOT # "&H67&" "&"EXP # "&TEXT(I67,"mm-yyyy") -> Below Knee SCD Sleeves - Large 30 PAIRS/BOX LOT # 230910 EXP # 09-2028 | F67: LABTEK | G67: OUT OF STOCK | H67: 230910 | I67: 46997 | J67: =K67-L67 -> 0 | K67: 0 | L67: =SUM(N67:IX67) -> 0 | M67: B
A68: BOV-301-L | B68: SCD SLEEVES | C68: KNEE LENGTH | D68: KNEE | E68: ="Below Knee SCD Sleeves - Large 30 PAIRS/BOX"&CHAR(10)&"LOT # "&H68&" "&"EXP # "&TEXT(I68,"mm-yyyy") -> Below Knee SCD Sleeves - Large 30 PAIRS/BOX LOT # 20230910 EXP # 09-2028 | F68: LABTEK | G68: OUT OF STOCK | H68: 20230910 | I68: 46997 | J68: =K68-L68 -> 0 | K68: 0 | L68: =SUM(N68:IX68) -> 0 | M68: B
A69: BOV-301-L | B69: SCD SLEEVES | C69: KNEE LENGTH | D69: KNEE | E69: ="Below Knee SCD Sleeves - Large 30 PAIRS/BOX"&CHAR(10)&"LOT # "&H69&" "&"EXP # "&TEXT(I69,"mm-yyyy") -> Below Knee SCD Sleeves - Large 30 PAIRS/BOX LOT # 221020 EXP # 10-2027 | F69: LABTEK | G69: OUT OF STOCK | H69: 221020 | I69: 46661 | J69: =K69-L69 -> 0 | K69: 0 | L69: =SUM(N69:IX69) -> 0 | M69: B
A70: BOV-301-L | B70: SCD SLEEVES | C70: KNEE LENGTH | D70: KNEE | E70: ="Below Knee SCD Sleeves - Large 30 PAIRS/BOX"&CHAR(10)&"LOT # "&H70&" "&"EXP # "&TEXT(I70,"mm-yyyy") -> Below Knee SCD Sleeves - Large 30 PAIRS/BOX LOT # 240320 EXP # 03-2029 | F70: LABTEK | G70: OUT OF STOCK | H70: 240320 | I70: 47178 | J70: =K70-L70 -> 0 | K70: 0 | L70: =SUM(N70:IX70) -> 0 | M70: =SUM(J67:J70) -> 0
A71: BOV-301-XL | B71: SCD SLEEVES | C71: KNEE LENGTH | D71: KNEE | E71: ="Below Knee SCD Sleeves - X-Large 25 PAIRS/BOX"&CHAR(10)&"LOT # "&H71&" "&"EXP # "&TEXT(I71,"mm-yyyy") -> Below Knee SCD Sleeves - X-Large 25 PAIRS/BOX LOT # 240320 EXP # 03-2029 | F71: LABTEK | G71: OUT OF STOCK | H71: 240320 | I71: 47178 | J71: =K71-L71 -> 0 | K71: 0 | L71: =SUM(N71:IX71) -> 0 | M71: B
A72: BOV-301-XL | B72: SCD SLEEVES | C72: KNEE LENGTH | D72: KNEE | E72: ="Below Knee SCD Sleeves - X-Large 25 PAIRS/BOX"&CHAR(10)&"LOT # "&H72&" "&"EXP # "&TEXT(I72,"mm-yyyy") -> Below Knee SCD Sleeves - X-Large 25 PAIRS/BOX LOT # 20240910 EXP # 09-2029 | F72: LABTEK | G72: NEAR EXP | H72: 20240910 | I72: 47362 | J72: =K72-L72 -> 83 | K72: 331 | L72: =SUM(N72:IX72) -> 248 | M72: =SUM(J71:J72) -> 83 | N72: =50 -> 50 | S72: =25 -> 25 | AA72: =60 -> 60 | AF72: =25 -> 25 | AH72: =8 -> 8 | AK72: =50 -> 50 | AS72: =30 -> 30
A73: BOV-302 | B73: SCD SLEEVES | C73: FOOT | D73: FOOT | E73: ="Compression Foot Cuff W41.8 Cm x L22.8 Cm"&CHAR(10)&"LOT # "&H73&" "&"EXP # "&TEXT(I73,"dd-mm-yyyy") -> Compression Foot Cuff W41.8 Cm x L22.8 Cm LOT # EXP # | F73: LABTEK | G73: NEAR EXP | H73: =" " | I73: =" " | J73: =K73-L73 -> 65 | K73: 65 | L73: =SUM(N73:IX73) -> 0 | M73: =SUM(J73) -> 65
A74: LBTK500-S | E74: ="COMPRESSION THIGH SCD SLEEVES - SMALL - 25PAIRS/BOX"&CHAR(10)&"LOT # "&H74&" "&"EXP # "&TEXT(I74,"mm-yyyy") -> COMPRESSION THIGH SCD SLEEVES - SMALL - 25PAIRS/BOX LOT # 260515 EXP # 05-2029 | F74: LABTEK | G74: FAR EXP | H74: 260515 | I74: 47239 | J74: =K74-L74 -> 113 | K74: 125 | L74: =SUM(N74:IX74) -> 12 | M74: B | AS74: =12 -> 12
A75: LBTK500-S | E75: ="COMPRESSION THIGH SCD SLEEVES - SMALL - 25PAIRS/BOX"&CHAR(10)&"LOT # "&H75&" "&"EXP # "&TEXT(I75,"mm-yyyy") -> COMPRESSION THIGH SCD SLEEVES - SMALL - 25PAIRS/BOX LOT # 251115 EXP # 11-2028 | F75: LABTEK | G75: OUT OF STOCK | H75: 251115 | I75: 47058 | J75: =K75-L75 -> 0 | K75: 200 | L75: =SUM(N75:IX75) -> 200 | M75: =SUM(J74,J75) -> 113 | S75: =10 -> 10 | T75: =2 -> 2 | U75: =25+20 -> 45 | AA75: =30 -> 30 | AB75: =15 -> 15 | AE75: =25 -> 25 | AG75: =25 -> 25 | AL75: =25 -> 25 | AS75: =10+13 -> 23
A76: LBTK500-M | E76: ="COMPRESSION THIGH SCD SLEEVES - MEDIUM - 25PAIRS/BOX"&CHAR(10)&"LOT # "&H76&" "&"EXP # "&TEXT(I76,"mm-yyyy") -> COMPRESSION THIGH SCD SLEEVES - MEDIUM - 25PAIRS/BOX LOT # 260515 EXP # 05-2029 | F76: LABTEK | G76: NEAR EXP | H76: 260515 | I76: 47239 | J76: =K76-L76 -> 42 | K76: 100 | L76: =SUM(N76:IX76) -> 58 | M76: B | AS76: =14+10 -> 24 | AT76: =24+10 -> 34
A77: LBTK500-M | E77: ="COMPRESSION THIGH SCD SLEEVES - MEDIUM - 25PAIRS/BOX"&CHAR(10)&"LOT # "&H77&" "&"EXP # "&TEXT(I77,"mm-yyyy") -> COMPRESSION THIGH SCD SLEEVES - MEDIUM - 25PAIRS/BOX LOT # 251115 EXP # 11-2028 | F77: LABTEK | G77: OUT OF STOCK | H77: 251115 | I77: 47058 | J77: =K77-L77 -> 0 | K77: =250+1 -> 251 | L77: =SUM(N77:IX77) -> 251 | M77: =SUM(J76,J77) -> 42 | N77: =25 -> 25 | S77: =20 -> 20 | T77: =2 -> 2 | U77: =25+20 -> 45 | V77: =25 -> 25 | AB77: =25+15 -> 40 | AE77: =7 -> 7 | AF77: =20+15 -> 35 | AG77: =20 -> 20 | AL77: =10+10 -> 20 | AS77: =11 -> 11 | AT77: =1 -> 1
A78: LBTK500-L | E78: ="COMPRESSION THIGH SCD SLEEVES - LARGE - 20PAIRS/BOX"&CHAR(10)&"LOT # "&H78&" "&"EXP # "&TEXT(I78,"mm-yyyy") -> COMPRESSION THIGH SCD SLEEVES - LARGE - 20PAIRS/BOX LOT # 260515 EXP # 05-2029 | F78: LABTEK | G78: NEAR EXP | H78: 260515 | I78: 47239 | J78: =K78-L78 -> 104 | K78: 140 | L78: =SUM(N78:IX78) -> 36 | M78: B | AT78: =16+20 -> 36
A79: LBTK500-L | E79: ="COMPRESSION THIGH SCD SLEEVES - LARGE - 20PAIRS/BOX"&CHAR(10)&"LOT # "&H79&" "&"EXP # "&TEXT(I79,"mm-yyyy") -> COMPRESSION THIGH SCD SLEEVES - LARGE - 20PAIRS/BOX LOT # 251115 EXP # 11-2028 | F79: LABTEK | G79: OUT OF STOCK | H79: 251115 | I79: 47058 | J79: =K79-L79 -> 0 | K79: 240 | L79: =SUM(N79:IX79) -> 240 | M79: =SUM(J78,J79) -> 104 | N79: =20 -> 20 | T79: =2 -> 2 | U79: =20+10 -> 30 | AB79: =10+20 -> 30 | AE79: =4 -> 4 | AF79: =20 -> 20 | AG79: =25 -> 25 | AL79: =10+40 -> 50 | AS79: =20+25 -> 45 | AT79: =14 -> 14
A80: LBTK502-S | E80: ="COMPRESSION CALF SCD SLEEVES - SMALL - 40 PAIRS/BOX"&CHAR(10)&"LOT # "&H80&" "&"EXP # "&TEXT(I80,"mm-yyyy") -> COMPRESSION CALF SCD SLEEVES - SMALL - 40 PAIRS/BOX LOT # 251115 EXP # 11-2028 | F80: LABTEK | G80: NEW DELIVERY | H80: 251115 | I80: 47058 | J80: =K80-L80 -> 100 | K80: 100 | L80: =SUM(N80:IX80) -> 0 | M80: =SUM(J80) -> 100
A81: LBTK502-M | E81: ="COMPRESSION CALF SCD SLEEVES - MEDIUM - 40 PAIRS/BOX"&CHAR(10)&"LOT # "&H81&" "&"EXP # "&TEXT(I81,"mm-yyyy") -> COMPRESSION CALF SCD SLEEVES - MEDIUM - 40 PAIRS/BOX LOT # 260515 EXP # 05-2029 | F81: LABTEK | G81: NEAR EXP | H81: 260515 | I81: 47239 | J81: =K81-L81 -> 395 | K81: 520 | L81: =SUM(N81:IX81) -> 125 | M81: B | AS81: =10+55 -> 65 | AT81: =35+25 -> 60
A82: LBTK502-M | E82: ="COMPRESSION CALF SCD SLEEVES - MEDIUM - 40 PAIRS/BOX"&CHAR(10)&"LOT # "&H82&" "&"EXP # "&TEXT(I82,"mm-yyyy") -> COMPRESSION CALF SCD SLEEVES - MEDIUM - 40 PAIRS/BOX LOT # 251115 EXP # 11-2028 | F82: LABTEK | G82: OUT OF STOCK | H82: 251115 | I82: 47058 | J82: =K82-L82 -> 0 | K82: 195 | L82: =SUM(N82:IX82) -> 195 | M82: =SUM(J81,J82) -> 395 | S82: =40 -> 40 | U82: =15+40 -> 55 | Z82: =25 -> 25 | AB82: =15 -> 15 | AF82: =10 -> 10 | AS82: =50 -> 50
A83: LBTK502-L | E83: ="COMPRESSION CALF SCD SLEEVES - LARGE - 35 PAIRS/BOX"&CHAR(10)&"LOT # "&H83&" "&"EXP # "&TEXT(I83,"mm-yyyy") -> COMPRESSION CALF SCD SLEEVES - LARGE - 35 PAIRS/BOX LOT # 260515 EXP # 05-2029 | F83: LABTEK | G83: NEAR EXP | H83: 260515 | I83: 47239 | J83: =K83-L83 -> 30 | K83: 105 | L83: =SUM(N83:IX83) -> 75 | M83: B | AS83: =56+9 -> 65 | AT83: =10 -> 10
A84: LBTK502-L | E84: ="COMPRESSION CALF SCD SLEEVES - LARGE - 35 PAIRS/BOX"&CHAR(10)&"LOT # "&H84&" "&"EXP # "&TEXT(I84,"mm-yyyy") -> COMPRESSION CALF SCD SLEEVES - LARGE - 35 PAIRS/BOX LOT # 251115 EXP # 11-2028 | F84: LABTEK | G84: OUT OF STOCK | H84: 251115 | I84: 47058 | J84: =K84-L84 -> 0 | K84: 10 | L84: =SUM(N84:IX84) -> 10 | M84: =SUM(J83,J84) -> 30 | V84: =5 -> 5 | AB84: =1 -> 1 | AS84: =4 -> 4
A85: 6121XS | B85: ANTI-EMBOLISM STOCKING | C85: THIGH LENGTH | D85: THIGH | E85: ="AG-Thigh Length,with Dotted silicone topband,Anti-Embolism Stocking (Pair)- XS"&CHAR(10)&"LOT # "&H85&" "&"EXP # "&TEXT(I85,"mm-yyyy") -> AG-Thigh Length,with Dotted silicone topband,Anti-Embolism Stocking (Pair)- XS LOT # 0521-6888 EXP # 05-2026 | F85: VARIMED | G85: NEAR EXP | H85: 0521-6888 | I85: 46143 | J85: =K85-L85 -> 193 | K85: 193 | L85: =SUM(N85:IX85) -> 0 | M85: =SUM(J85) -> 193
A86: 6121S | B86: ANTI-EMBOLISM STOCKING | C86: THIGH LENGTH | D86: THIGH | E86: ="AG-Thigh Length,with Dotted silicone topband,Anti-Embolism Stocking (Pair)- S"&CHAR(10)&"LOT # "&H86&" "&"EXP # "&TEXT(I86,"mm-yyyy") -> AG-Thigh Length,with Dotted silicone topband,Anti-Embolism Stocking (Pair)- S LOT # 1023-7321 EXP # 10-2028 | F86: VARIMED | G86: NEAR EXP | H86: 1023-7321 | I86: 47027 | J86: =K86-L86 -> 55 | K86: 55 | L86: =SUM(N86:IX86) -> 0 | M86: B
A87: 6121S | B87: ANTI-EMBOLISM STOCKING | C87: THIGH LENGTH | D87: THIGH | E87: ="AG-Thigh Length,with Dotted silicone topband,Anti-Embolism Stocking (Pair)- S"&CHAR(10)&"LOT # "&H87&" "&"EXP # "&TEXT(I87,"mm-yyyy") -> AG-Thigh Length,with Dotted silicone topband,Anti-Embolism Stocking (Pair)- S LOT # 1223-7401 EXP # 11-2028 | F87: VARIMED | G87: MIDDLE EXP | H87: 1223-7401 | I87: 47058 | J87: =K87-L87 -> 152 | K87: 152 | L87: =SUM(N87:IX87) -> 0 | M87: B
A88: 6121S | B88: ANTI-EMBOLISM STOCKING | C88: THIGH LENGTH | D88: THIGH | E88: ="AG-Thigh Length,with Dotted silicone topband,Anti-Embolism Stocking (Pair)- S"&CHAR(10)&"LOT # "&H88&" "&"EXP # "&TEXT(I88,"mm-yyyy") -> AG-Thigh Length,with Dotted silicone topband,Anti-Embolism Stocking (Pair)- S LOT # 0426-7559 EXP # 04-2031 | F88: VARIMED | G88: FAR EXP | H88: 0426-7559 | I88: 47939 | J88: =K88-L88 -> 120 | K88: 120 | L88: =SUM(N88:IX88) -> 0 | M88: B
A89: 6121S | B89: ANTI-EMBOLISM STOCKING | C89: THIGH LENGTH | D89: THIGH | E89: ="AG-Thigh Length,with Dotted silicone topband,Anti-Embolism Stocking (Pair)- S"&CHAR(10)&"LOT # "&H89&" "&"EXP # "&TEXT(I89,"mm-yyyy") -> AG-Thigh Length,with Dotted silicone topband,Anti-Embolism Stocking (Pair)- S LOT # 0522-7040 EXP # 05-2027 | F89: VARIMED | G89: OUT OF STOCK | H89: 0522-7040 | I89: 46508 | J89: =K89-L89 -> 0 | K89: 0 | L89: =SUM(N89:IX89) -> 0 | M89: =SUM(J86:J89) -> 327
A90: 6121M | B90: ANTI-EMBOLISM STOCKING | C90: THIGH LENGTH | D90: THIGH | E90: ="AG-Thigh Length,with Dotted silicone topband,Anti-Embolism Stocking (Pair)- M"&CHAR(10)&"LOT # "&H90&" "&"EXP # "&TEXT(I90,"mm-yyyy") -> AG-Thigh Length,with Dotted silicone topband,Anti-Embolism Stocking (Pair)- M LOT # 1023-7386 EXP # 10-2028 | F90: VARIMED | G90: OUT OF STOCK | H90: 1023-7386 | I90: 47027 | J90: =K90-L90 -> 0 | K90: 0 | L90: =SUM(N90:IX90) -> 0 | M90: B
A91: 6121M | B91: ANTI-EMBOLISM STOCKING | C91: THIGH LENGTH | D91: THIGH | E91: ="AG-Thigh Length,with Dotted silicone topband,Anti-Embolism Stocking (Pair)- M"&CHAR(10)&"LOT # "&H91&" "&"EXP # "&TEXT(I91,"mm-yyyy") -> AG-Thigh Length,with Dotted silicone topband,Anti-Embolism Stocking (Pair)- M LOT # 1223-7386 EXP # 12-2028 | F91: VARIMED | G91: OUT OF STOCK | H91: 1223-7386 | I91: 47088 | J91: =K91-L91 -> 0 | K91: 0 | L91: =SUM(N91:IX91) -> 0 | M91: B
A92: 6121M | B92: ANTI-EMBOLISM STOCKING | C92: THIGH LENGTH | D92: THIGH | E92: ="AG-Thigh Length,with Dotted silicone topband,Anti-Embolism Stocking (Pair)- M"&CHAR(10)&"LOT # "&H92&" "&"EXP # "&TEXT(I92,"mm-yyyy") -> AG-Thigh Length,with Dotted silicone topband,Anti-Embolism Stocking (Pair)- M LOT # 0425-7569 EXP # 04-2030 | F92: VARIMED | G92: OUT OF STOCK | H92: 0425-7569 | I92: 47574 | J92: =K92-L92 -> 0 | K92: 0 | L92: =SUM(N92:IX92) -> 0 | M92: B
A93: 6121M | B93: ANTI-EMBOLISM STOCKING | C93: THIGH LENGTH | D93: THIGH | E93: ="AG-Thigh Length,with Dotted silicone topband,Anti-Embolism Stocking (Pair)- M"&CHAR(10)&"LOT # "&H93&" "&"EXP # "&TEXT(I93,"mm-yyyy") -> AG-Thigh Length,with Dotted silicone topband,Anti-Embolism Stocking (Pair)- M LOT # 0426-7664 EXP # 04-2031 | F93: VARIMED | G93: NEAR EXP | H93: 0426-7664 | I93: 47939 | J93: =K93-L93 -> 294 | K93: 384 | L93: =SUM(N93:IX93) -> 90 | M93: B | S93: =30 -> 30 | AA93: =40 -> 40 | AU93: =20 -> 20
A94: 6121M | B94: ANTI-EMBOLISM STOCKING | C94: THIGH LENGTH | D94: THIGH | E94: ="AG-Thigh Length,with Dotted silicone topband,Anti-Embolism Stocking (Pair)- M"&CHAR(10)&"LOT # "&H94&" "&"EXP # "&TEXT(I94,"mm-yyyy") -> AG-Thigh Length,with Dotted silicone topband,Anti-Embolism Stocking (Pair)- M LOT # 0821-6905 EXP # 08-2026 | F94: VARIMED | G94: OUT OF STOCK | H94: 0821-6905 | I94: 46235 | J94: =K94-L94 -> 0 | K94: 0 | L94: =SUM(N94:IX94) -> 0 | M94: =SUM(J90:J94) -> 294
A95: 6121L | B95: ANTI-EMBOLISM STOCKING | C95: THIGH LENGTH | D95: THIGH | E95: ="AG-Thigh Length,with Dotted silicone topband,Anti-Embolism Stocking (Pair)- L"&CHAR(10)&"LOT # "&H95&" "&"EXP # "&TEXT(I95,"mm-yyyy") -> AG-Thigh Length,with Dotted silicone topband,Anti-Embolism Stocking (Pair)- L LOT # 0724-7514 EXP # 07-2029 | F95: VARIMED | G95: OUT OF STOCK | H95: 0724-7514 | I95: 47300 | J95: =K95-L95 -> 0 | K95: 0 | L95: =SUM(N95:IX95) -> 0 | M95: B
A96: 6121L | B96: ANTI-EMBOLISM STOCKING | C96: THIGH LENGTH | D96: THIGH | E96: ="AG-Thigh Length,with Dotted silicone topband,Anti-Embolism Stocking (Pair)- L"&CHAR(10)&"LOT # "&H96&" "&"EXP # "&TEXT(I96,"mm-yyyy") -> AG-Thigh Length,with Dotted silicone topband,Anti-Embolism Stocking (Pair)- L LOT # 0125-7624 EXP # 01-2030 | F96: VARIMED | G96: OUT OF STOCK | H96: 0125-7624 | I96: 47484 | J96: =K96-L96 -> 0 | K96: 0 | L96: =SUM(N96:IX96) -> 0 | M96: B
A97: 6121L | B97: ANTI-EMBOLISM STOCKING | C97: THIGH LENGTH | D97: THIGH | E97: ="AG-Thigh Length,with Dotted silicone topband,Anti-Embolism Stocking (Pair)- L"&CHAR(10)&"LOT # "&H97&" "&"EXP # "&TEXT(I97,"mm-yyyy") -> AG-Thigh Length,with Dotted silicone topband,Anti-Embolism Stocking (Pair)- L LOT # 0426-7624 EXP # 04-2031 | F97: VARIMED | G97: FAR EXP | H97: 0426-7624 | I97: 47939 | J97: =K97-L97 -> 482 | K97: 500 | L97: =SUM(N97:IX97) -> 18 | M97: B | AU97: =18 -> 18
A98: 6121L | B98: ANTI-EMBOLISM STOCKING | C98: THIGH LENGTH | D98: THIGH | E98: ="AG-Thigh Length,with Dotted silicone topband,Anti-Embolism Stocking (Pair)- L"&CHAR(10)&"LOT # "&H98&" "&"EXP # "&TEXT(I98,"mm-yyyy") -> AG-Thigh Length,with Dotted silicone topband,Anti-Embolism Stocking (Pair)- L LOT # 0425-7624 EXP # 04-2030 | F98: VARIMED | G98: OUT OF STOCK | H98: 0425-7624 | I98: 47574 | J98: =K98-L98 -> 0 | K98: 52 | L98: =SUM(N98:IX98) -> 52 | M98: =SUM(J95:J98) -> 482 | AA98: =50 -> 50 | AU98: =2 -> 2
A99: 6121XL | B99: ANTI-EMBOLISM STOCKING | C99: THIGH LENGTH | D99: THIGH | E99: ="AG-Thigh Length,with Dotted silicone topband,Anti-Embolism Stocking (Pair)- XL"&CHAR(10)&"LOT # "&H99&" "&"EXP # "&TEXT(I99,"mm-yyyy") -> AG-Thigh Length,with Dotted silicone topband,Anti-Embolism Stocking (Pair)- XL LOT # 0125-7617 EXP # 01-2030 | F99: VARIMED | G99: OUT OF STOCK | H99: 0125-7617 | I99: 47484 | J99: =K99-L99 -> 0 | K99: 0 | L99: =SUM(N99:IX99) -> 0 | M99: B
A100: 6121XL | B100: ANTI-EMBOLISM STOCKING | C100: THIGH LENGTH | D100: THIGH | E100: ="AG-Thigh Length,with Dotted silicone topband,Anti-Embolism Stocking (Pair)- XL"&CHAR(10)&"LOT # "&H100&" "&"EXP # "&TEXT(I100,"mm-yyyy") -> AG-Thigh Length,with Dotted silicone topband,Anti-Embolism Stocking (Pair)- XL LOT # 0426-7646 EXP # 04-2031 | F100: VARIMED | G100: NEAR EXP | H100: 0426-7646 | I100: 47939 | J100: =K100-L100 -> 871 | K100: 1491 | L100: =SUM(N100:IX100) -> 620 | M100: B | Q100: =100 -> 100 | S100: =100 -> 100 | X100: =150 -> 150 | AA100: =100 -> 100 | AH100: =20 -> 20 | AS100: =50 -> 50 | AU100: =100 -> 100
...

Sheet SAMPLES 2026
A1: ITEM CODE | B1: ITEM NAME | C1: TYPE | D1: BODY PART | E1: DESCRIPTION | F1: MANUFACTURER | G1: STATUS | H1: LOT NO. | I1: EXP. DATE | J1: REMAINING QTY | K1: INPUT QTY | L1: OUT | M1: TOTAL | N1: 01-May | O1: 02-May | P1: 03-May | Q1: 04-May | R1: 05-May | S1: 06-May | T1: 07-May | U1: 08-May | V1: 09-May | W1: 10-May | X1: 11-May | Y1: 12-May | Z1: 13-May | AA1: 14-May | AB1: 15-May | AC1: 16-May | AD1: 17-May | AE1: 18-May | AF1: 19-May | AG1: 20-May | AH1: 21-May | AI1: 22-May | AJ1: 23-May | AK1: 24-May | AL1: 25-May | AM1: 26-May | AN1: 27-May | AO1: 28-May | AP1: 29-May | AQ1: 30-May | AR1: 31-May | AS1: 01-Jun | AT1: 02-Jun | AU1: 03-Jun | AV1: 04-Jun | AW1: 05-Jun | AX1: 06-Jun | AY1: 07-Jun | AZ1: 08-Jun | BA1: 09-Jun | BB1: 10-Jun | BC1: 11-Jun | BD1: 12-Jun | BE1: 13-Jun | BF1: 14-Jun | BG1: 15-Jun | BH1: 16-Jun | BI1: 17-Jun | BJ1: 18-Jun | BK1: 19-Jun | BL1: 20-Jun | BM1: 21-Jun | BN1: 22-Jun | BO1: 23-Jun | BP1: 24-Jun | BQ1: 25-Jun | BR1: 26-Jun | BS1: 27-Jun | BT1: 28-Jun | BU1: 29-Jun | BV1: 30-Jun | BW1: 01-Jul | BX1: 02-Jul | BY1: 03-Jul | BZ1: 04-Jul | CA1: 05-Jul | CB1: 06-Jul | CC1: 07-Jul | CD1: 08-Jul | CE1: 09-Jul | CF1: 10-Jul | CG1: 11-Jul | CH1: 12-Jul | CI1: 13-Jul | CJ1: 14-Jul | CK1: 15-Jul | CL1: 16-Jul | CM1: 17-Jul | CN1: 18-Jul | CO1: 19-Jul | CP1: 20-Jul | CQ1: 21-Jul | CR1: 22-Jul | CS1: 23-Jul | CT1: 24-Jul | CU1: 25-Jul | CV1: 26-Jul | CW1: 27-Jul | CX1: 28-Jul | CY1: 29-Jul | CZ1: 30-Jul | DA1: 31-Jul | DB1: 01-Aug | DC1: 02-Aug | DD1: 03-Aug | DE1: 04-Aug | DF1: 05-Aug | DG1: 06-Aug | DH1: 07-Aug | DI1: 08-Aug | DJ1: 09-Aug | DK1: 10-Aug | DL1: 11-Aug | DM1: 12-Aug | DN1: 13-Aug | DO1: 14-Aug | DP1: 15-Aug | DQ1: 16-Aug | DR1: 17-Aug | DS1: 18-Aug | DT1: 19-Aug | DU1: 20-Aug | DV1: 21-Aug | DW1: 22-Aug | DX1: 23-Aug | DY1: 24-Aug | DZ1: 25-Aug | EA1: 26-Aug | EB1: 27-Aug | EC1: 28-Aug | ED1: 29-Aug | EE1: 30-Aug | EF1: 31-Aug | EG1: 01-Sep | EH1: 02-Sep | EI1: 03-Sep | EJ1: 04-Sep | EK1: 05-Sep | EL1: 06-Sep | EM1: 07-Sep | EN1: 08-Sep | EO1: 09-Sep | EP1: 10-Sep | EQ1: 11-Sep | ER1: 12-Sep | ES1: 13-Sep | ET1: 14-Sep | EU1: 15-Sep | EV1: 16-Sep | EW1: 17-Sep | EX1: 18-Sep | EY1: 19-Sep | EZ1: 20-Sep | FA1: 21-Sep | FB1: 22-Sep | FC1: 23-Sep | FD1: 24-Sep | FE1: 25-Sep | FF1: 26-Sep | FG1: 27-Sep | FH1: 28-Sep | FI1: 29-Sep | FJ1: 30-Sep | FK1: 01-Oct | FL1: 02-Oct | FM1: 03-Oct | FN1: 04-Oct | FO1: 05-Oct | FP1: 06-Oct | FQ1: 07-Oct | FR1: 08-Oct | FS1: 09-Oct | FT1: 10-Oct | FU1: 11-Oct | FV1: 12-Oct | FW1: 13-Oct | FX1: 14-Oct | FY1: 15-Oct | FZ1: 16-Oct | GA1: 17-Oct | GB1: 18-Oct | GC1: 19-Oct | GD1: 20-Oct | GE1: 21-Oct | GF1: 22-Oct | GG1: 23-Oct | GH1: 24-Oct | GI1: 25-Oct | GJ1: 26-Oct | GK1: 27-Oct | GL1: 28-Oct | GM1: 29-Oct | GN1: 30-Oct | GO1: 31-Oct | GP1: 01-Nov | GQ1: 02-Nov | GR1: 03-Nov | GS1: 04-Nov | GT1: 05-Nov | GU1: 06-Nov | GV1: 07-Nov | GW1: 08-Nov | GX1: 09-Nov | GY1: 10-Nov | GZ1: 11-Nov | HA1: 12-Nov | HB1: 13-Nov | HC1: 14-Nov | HD1: 15-Nov | HE1: 16-Nov | HF1: 17-Nov | HG1: 18-Nov | HH1: 19-Nov | HI1: 20-Nov | HJ1: 21-Nov | HK1: 22-Nov | HL1: 23-Nov | HM1: 24-Nov | HN1: 25-Nov | HO1: 26-Nov | HP1: 27-Nov | HQ1: 28-Nov | HR1: 29-Nov | HS1: 30-Nov | HT1: 01-Dec | HU1: 02-Dec | HV1: 03-Dec | HW1: 04-Dec | HX1: 05-Dec | HY1: 06-Dec | HZ1: 07-Dec | IA1: 08-Dec | IB1: 09-Dec | IC1: 10-Dec | ID1: 11-Dec | IE1: 12-Dec | IF1: 13-Dec | IG1: 14-Dec | IH1: 15-Dec | II1: 16-Dec | IJ1: 17-Dec | IK1: 18-Dec | IL1: 19-Dec | IM1: 20-Dec | IN1: 21-Dec | IO1: 22-Dec | IP1: 23-Dec | IQ1: 24-Dec | IR1: 25-Dec | IS1: 26-Dec | IT1: 27-Dec | IU1: 28-Dec | IV1: 29-Dec | IW1: 30-Dec | IX1: 31-Dec
A2: GSS2212 | B2: GAUZE SWAB | E2: Gauze Swab Sterile - 5x5-12Ply -13 Threads - Single Wrapped (5 Pcs/Pack, 20 Packs/Box,20Box/Ctn) | F2: JIUJANG HUADA | G2: NEAR EXP | H2: HD2303 | I2: 46813 | J2: =K2-L2 -> 5 | K2: 67 | L2: =SUM(N2:IX2) -> 62 | M2: B | S2: =12 -> 12 | AU2: =50 -> 50
A3: GSS2212 | B3: GAUZE SWAB | C3: M42 | E3: Gauze Swab Sterile - 5x5-12Ply -13 Threads - Double Wrapped (5 Pcs/Pack, 20 Packs/Box,20Box/Ctn) | F3: JIUJANG HUADA | G3: OUT OF STOCK | H3: HD202404 | I3: 47178 | J3: =K3-L3 -> 0 | K3: 0 | L3: =SUM(N3:IX3) -> 0 | M3: =SUM(J2:J3) -> 5
A4: GSS3312 | B4: GAUZE SWAB | C4: M42 | E4: Gauze Swab Sterile - 7.5x7.5-12Ply -13 Threads - Double Wrapped (5 Pcs/Pack, 20 Packs/Box,20Box/Ctn) | F4: JIUJANG HUADA | G4: NEAR EXP | H4: HD202404 | I4: 47178 | J4: =K4-L4 -> 2 | K4: 2 | L4: =SUM(N4:IX4) -> 0 | M4: =J4 -> 2
A5: GSS4412 | B5: GAUZE SWAB | E5: Gauze Swab Sterile - 10x10-12Ply -13 Threads - Single Wrapped (5 Pcs/Pack, 20 Packs/Box,24Box/Ctn) | F5: JIUJANG HUADA | G5: NEAR EXP | H5: HD2303 | I5: 46813 | J5: =K5-L5 -> 3 | K5: 63 | L5: =SUM(N5:IX5) -> 60 | M5: B | S5: =50 -> 50 | U5: =10 -> 10
A6: GSS4412 | B6: GAUZE SWAB | C6: M42 | E6: Gauze Swab Sterile - 10x10-12Ply -13 Threads - Double Wrapped (5 Pcs/Pack, 20 Packs/Box,24Box/Ctn) | F6: JIUJANG HUADA | G6: OUT OF STOCK | H6: HD202404 | I6: 47178 | J6: =K6-L6 -> 0 | K6: 0 | L6: =SUM(N6:IX6) -> 0 | M6: =SUM(J5:J6) -> 3
A7: GSS4412X | B7: GAUZE SWAB | C7: M42 | E7: Gauze Swab Sterile - 10x10-12Ply with X-Ray -13 Threads - Double Wrapped (5 Pcs/Pack, 20 Packs/Box,24Box/Ctn) | F7: jIUJANG HUADA | G7: OUT OF STOCK | H7: HD202404 | I7: 47178 | J7: =K7-L7 -> 0 | K7: 0 | L7: =SUM(N7:IX7) -> 0 | M7: =J7 -> 0
A8: GSS4416X | B8: GAUZE SWAB | E8: Gauze Swab Sterile - 10x10-16Ply with X-Ray -13 Threads - Double Wrapped (5 Pcs/Pack, 20 Packs/Box,24Box/Ctn) | F8: JIUJANG HUADA | G8: NEAR EXP | H8: HD202404 | I8: 47178 | J8: =K8-L8 -> 9 | K8: 9 | L8: =SUM(N8:IX8) -> 0 | M8: =J8 -> 9
A9: GSS4416X PACKS | B9: GAUZE SWAB | E9: Gauze Swab Sterile - 10x10-16Ply with X-Ray -13 Threads - Double Wrapped (PACKS) | F9: JIUJANG HUADA | G9: NEAR EXP | H9: HD202404 | I9: 47178 | J9: =K9-L9 -> 9 | K9: 9 | L9: =SUM(N9:IX9) -> 0 | M9: =J9 -> 9
A10: GS3312 | B10: GAUZE SWAB | C10: M42 | E10: Gauze Swab Non -Sterile - 7.5x7.5-12Ply -13 Threads (100 Pcs/Pack, 80 Packs/Ctn) | F10: JIUJANG HUADA | G10: OUT OF STOCK | H10: HD202404 | I10: 47178 | J10: =K10-L10 -> 0 | K10: 0 | L10: =SUM(N10:IX10) -> 0 | M10: =J10 -> 0
A11: GS2212 | B11: GAUZE SWAB | C11: M42 | E11: Gauze Swab Non -Sterile - 5x5-12Ply -13 Threads (100 Pcs/Pack, 100 Packs/Ctn) | F11: JIUJANG HUADA | G11: OUT OF STOCK | H11: HD2303 | I11: 46813 | J11: =K11-L11 -> 0 | K11: 0 | L11: =SUM(N11:IX11) -> 0 | M11: =J11 -> 0
A12: M-010604 | E12: Poviseptin Scrub Brush - 15ml - Nail Stick | F12: MEDITERA | G12: EXPIRED | H12: 6656-0308-13 | I12: 45872 | J12: =K12-L12 -> 38 | K12: 38 | L12: =SUM(N12:IX12) -> 0 | M12: =J12 -> 38
A13: YC.001 | E13: Ultrasound Gel 250 ML (Clear) | F13: TIANJIN | G13: EXPIRED | I13: 45294 | J13: =K13-L13 -> 25 | K13: 25 | L13: =SUM(N13:IX13) -> 0 | M13: B
A14: YC.001 | E14: Ultrasound Gel 250 ML (Clear) | F14: TIANJIN | G14: NEAR EXP | J14: =K14-L14 -> 3 | K14: 3 | L14: =SUM(N14:IX14) -> 0 | M14: B
A15: YC.001 | C15: M42 | E15: Ultrasound Gel 250 ML (Clear) | F15: TIANJIN | G15: NEAR EXP | H15: 2024021802 | I15: 46443 | J15: =K15-L15 -> 10 | K15: 10 | L15: =SUM(N15:IX15) -> 0 | M15: =SUM(J13:J15) -> 38
A16: YC.002 | E16: Ultrasound Gel 250 ML (Blue) | F16: TIANJIN | G16: EXPIRED | I16: 45294 | J16: =K16-L16 -> 8 | K16: 8 | L16: =SUM(N16:IX16) -> 0 | M16: =J16 -> 8
A17: CAKCDQ-118 | E17: DISPOSABLE STAPLE REMOVER | G17: NEAR EXP | H17: CDQ11823002 | I17: 46134 | J17: =K17-L17 -> 12 | K17: 12 | L17: =SUM(N17:IX17) -> 0 | M17: =J17 -> 12
A18: 6121XXL | E18: AG-Thigh Length,with Dotted silicone topband,Anti-Embolism Stocking (Pair)- XXL | F18: VARIMED | G18: OUT OF STOCK | H18: 0821-6908 | I18: 46235 | J18: =K18-L18 -> 0 | K18: 0 | L18: =SUM(N18:IX18) -> 0 | M18: =J18 -> 0
A19: 6121L | C19: M42 | E19: AG-Thigh Length,with Dotted silicone topband,Anti-Embolism Stocking (Pair)- L | F19: VARIMED | G19: NEAR EXP | H19: 0821-6906 | I19: 46235 | J19: =K19-L19 -> 0 | K19: 0 | L19: =SUM(N19:IX19) -> 0 | M19: B
A20: 6121L | C20: M42 | E20: AG-Thigh Length,with Dotted silicone topband,Anti-Embolism Stocking (Pair)- L | F20: VARIMED | G20: NEAR EXP | H20: 1223-7325 | I20: 47088 | J20: =K20-L20 -> 5 | K20: 5 | L20: =SUM(N20:IX20) -> 0 | M20: =SUM(J19:J20) -> 5
A21: 6121M | E21: AG-Thigh Length,with Dotted silicone topband,Anti-Embolism Stocking (Pair)- M | F21: VARIMED | G21: OUT OF STOCK | H21: 1023-7386 | I21: 47027 | J21: =K21-L21 -> 0 | K21: 0 | L21: =SUM(N21:IX21) -> 0 | M21: B
A22: 6121M | C22: M42 | E22: AG-Thigh Length,with Dotted silicone topband,Anti-Embolism Stocking (Pair)- M | F22: VARIMED | G22: OUT OF STOCK | H22: 0821-6905 | I22: 46235 | J22: =K22-L22 -> 0 | K22: 0 | L22: =SUM(N22:IX22) -> 0 | M22: =SUM(J21:J22) -> 0
A23: 6121S | C23: M42 | E23: AG-Thigh Length,with Dotted silicone topband,Anti-Embolism Stocking (Pair)- S | F23: VARIMED | G23: NEAR EXP | H23: 0522-7040 | I23: 46508 | J23: =K23-L23 -> 6 | K23: 6 | L23: =SUM(N23:IX23) -> 0 | M23: =J23 -> 6
A24: 6111XXL | C24: M42 | E24: AD - Knee Length, Anti-Embolism Stocking (Pair) - XXL | F24: VARIMED | G24: NEAR EXP | H24: 1023-7357 | I24: 47027 | J24: =K24-L24 -> 6 | K24: 6 | L24: =SUM(N24:IX24) -> 0 | M24: =J24 -> 6
A25: 6111XL | E25: AD - Knee Length, Anti-Embolism Stocking (Pair) - XL | F25: VARIMED | G25: NEAR EXP | H25: 1023-7356 | I25: 47027 | J25: =K25-L25 -> 2 | K25: 2 | L25: =SUM(N25:IX25) -> 0 | M25: B
A26: 6111XL | C26: M42 | E26: AD - Knee Length, Anti-Embolism Stocking (Pair) - XL | F26: VARIMED | G26: NEAR EXP | H26: 1023-7356 | I26: 47027 | J26: =K26-L26 -> 4 | K26: 4 | L26: =SUM(N26:IX26) -> 0 | M26: =SUM(J25:J26) -> 6
A27: 6111L | C27: M42 | E27: AD - Knee Length, Anti-Embolism Stocking (Pair) - L | F27: VARIMED | G27: NEAR EXP | H27: 0521-6861 | I27: 46143 | J27: =K27-L27 -> 5 | K27: 5 | L27: =SUM(N27:IX27) -> 0 | M27: B
A28: 6111L | E28: AD - Knee Length, Anti-Embolism Stocking (Pair) - L | F28: VARIMED | G28: NEAR EXP | H28: 0521-6861 | I28: 46143 | J28: =K28-L28 -> 3 | K28: 3 | L28: =SUM(N28:IX28) -> 0 | M28: =SUM(J27:J28) -> 8
A29: 6111M | C29: M42 | E29: AD - Knee Length, Anti-Embolism Stocking (Pair) - M | F29: VARIMED | G29: NEAR EXP | H29: 1023-7350 | I29: 47027 | J29: =K29-L29 -> 5 | K29: 5 | L29: =SUM(N29:IX29) -> 0 | M29: =SUM(J29) -> 5
A30: IOB-003 | E30: Intraoperative Warming Blanket Upper Body 80" x 25" (202 cm x 64 cm) | F30: IOB | G30: NEAR EXP | H30: WB230615003S | I30: 46187 | J30: =K30-L30 -> 20 | K30: 20 | L30: =SUM(N30:IX30) -> 0 | M30: B
A31: IOB-003 | E31: Intraoperative Warming Blanket Upper Body 80" x 25" (202 cm x 64 cm) | F31: IOB | G31: EXPIRED | H31: WB221228003S | I31: 46018 | J31: =K31-L31 -> 1 | K31: 1 | L31: =SUM(N31:IX31) -> 0 | M31: =SUM(J30:J31) -> 21
A32: IOB-028 | E32: Pediatric Warming Blanket Infant Under Body 39" x 39" (100cm X 100cm) 40/box | F32: IOB | G32: OUT OF STOCK | H32: WB220701028 | I32: 45838 | J32: =K32-L32 -> 0 | K32: 0 | L32: =SUM(N32:IX32) -> 0 | M32: =J32 -> 0
A33: IOB-025 | E33: Infant Full Body / Under Body 47" x 31 '(120cm x 80 cm) | F33: IOB | G33: EXPIRED | H33: 20220620 | I33: 45462 | J33: =K33-L33 -> 1 | K33: 1 | L33: =SUM(N33:IX33) -> 0 | M33: =J33 -> 1
A34: IOB-002S | E34: Intraoperative Warming Blanket Lower Body 62" x 46" (142 cm x 120 cm) | F34: IOB | G34: EXPIRED | H34: WB211025002S | I34: 45589 | J34: =K34-L34 -> 1 | K34: 1 | L34: =SUM(N34:IX34) -> 0 | M34: =J34 -> 1
A35: IOB-016 | E35: Surgical Access Warming Blanket 83" x 47" (210cm x 120cm) | F35: IOB | G35: NEAR EXP | H35: WB240827016 | I35: 46625 | J35: =K35-L35 -> 1 | K35: 1 | L35: =SUM(N35:IX35) -> 0 | M35: =J35 -> 1
A36: IOB-007S | E36: Pediatric Warming Blanket Pediatric Full Body 67" x 39" (170cm x 100cm) | F36: IOB | G36: EXPIRED | H36: WB221011007S | I36: 45940 | J36: =K36-L36 -> 2 | K36: 2 | L36: =SUM(N36:IX36) -> 0 | M36: B
A37: IOB-007S | E37: Pediatric Warming Blanket Pediatric Full Body 67" x 39" (170cm x 100cm) | F37: IOB | G37: OUT OF STOCK | H37: WB230617007S | I37: 46189 | J37: =K37-L37 -> 0 | K37: 0 | L37: =SUM(N37:IX37) -> 0 | M37: =SUM(J36:J37) -> 2
A38: LBTK-500-L | E38: LEG GARMENT COMPRESSION SLEEVES - LARGE | F38: LABTEK | G38: NEAR EXP | H38: 250615 | I38: 46905 | J38: =K38-L38 -> 4 | K38: 4 | L38: =SUM(N38:IX38) -> 0 | M38: =J38 -> 4
A39: LBTK-500-M | E39: LEG GARMENT COMPRESSION SLEEVES - MEDIUM | F39: LABTEK | G39: NEAR EXP | H39: 250615 | I39: 46905 | J39: =K39-L39 -> 3 | K39: 3 | L39: =SUM(N39:IX39) -> 0 | M39: =J39 -> 3
A40: LBTK-500-S | E40: LEG GARMENT COMPRESSION SLEEVES - SMALL | F40: LABTEK | G40: NEAR EXP | H40: 250615 | I40: 46905 | J40: =K40-L40 -> 4 | K40: 4 | L40: =SUM(N40:IX40) -> 0 | M40: =J40 -> 4
A41: LBTK-502-XL | E41: CALF GARMENT COMPRESSION SLEEVES - X-LARGE | F41: LABTEK | G41: NEAR EXP | H41: 250615 | I41: 46905 | J41: =K41-L41 -> 4 | K41: 4 | L41: =SUM(N41:IX41) -> 0 | M41: =J41 -> 4
A42: BOV-300-L | E42: Thigh Length SCD Sleeves - Large 20pairs/box | F42: LABTEK | G42: NEAR EXP | H42: 230910 | I42: 46997 | J42: =(K42-L42) -> 3 | K42: 3 | L42: =SUM(N42:IX42) -> 0 | M42: =J42 -> 3
A43: BOV-301-XL | E43: Below Knee SCD Sleeves - X-Large 25 PAIRS/BOX | F43: LABTEK | G43: OUT OF STOCK | H43: 230410 | I43: 46844 | J43: =(K43-L43) -> 0 | K43: 0 | L43: =SUM(N43:IX43) -> 0 | M43: =J43 -> 0
A44: BOV-301-M | E44: Below Knee SCD Sleeves - Medium 30 PAIRS/BOX | F44: LABTEK | G44: NEAR EXP | H44: 230410 | I44: 46844 | J44: =K44-L44 -> 5 | K44: 5 | L44: =SUM(N44:IX44) -> 0 | M44: =J44 -> 5
A45: BOV-301-L | E45: Below Knee SCD Sleeves - Large 30 PAIRS/BOX | F45: LABTEK | G45: OUT OF STOCK | H45: 221020 | I45: 46661 | J45: =K45-L45 -> 0 | K45: 0 | L45: =SUM(N45:IX45) -> 0 | M45: =J45 -> 0
A46: TR03 | C46: M42 | E46: Surgical Skin Marker Single Side (1CTN = 1000 PCS, 1 PACK = 50 PCS) | F46: TONDAUS | G46: EXPIRED | H46: 23042301 | I46: 46134 | J46: =K46-L46 -> 10 | K46: 10 | L46: =SUM(N46:IX46) -> 0 | M46: =J46 -> 10
A47: TD01 | C47: M42 | E47: Surgical Skin Marker Double Side (1CTN = 1000 PCS, 1 PACK = 50 PCS) | F47: TONDAUS | G47: OUT OF STOCK | H47: 24040701 | I47: 46483 | J47: =K47-L47 -> 0 | K47: 0 | L47: =SUM(N47:IX47) -> 0 | M47: B
A48: TD01 | C48: M42 | E48: Surgical Skin Marker Double Side (1CTN = 1000 PCS, 1 PACK = 50 PCS) | F48: TONDAUS | G48: OUT OF STOCK | H48: 23101701 | I48: 46311 | J48: =K48-L48 -> 0 | K48: 0 | L48: =SUM(N48:IX48) -> 0 | M48: =SUM(J47:J48) -> 0
A49: DPV0200050B | B49: Neurosurgical Patties - Dual Patty V | E49: Neurosurgical Patties - Dual Patty V - 2 x 5 cm - 10 packs / box (10 pcs / pack) | F49: ENDOVISION | G49: OUT OF STOCK | J49: =K49-L49 -> 0 | K49: 0 | L49: =SUM(N49:IX49) -> 0 | M49: =SUM(J49) -> 0
A50: DPV0120030B | B50: Neurosurgical Patties - Dual Patty V | E50: Neurosurgical Patties - Dual Patty V - 1.25 x 3 cm - 10 packs / box (10 pcs / pack) | F50: ENDOVISION | G50: OUT OF STOCK | J50: =K50-L50 -> 0 | K50: 0 | L50: =SUM(N50:IX50) -> 0 | M50: =SUM(J50) -> 0
A51: DPV0200020B | B51: Neurosurgical Patties - Dual Patty V | E51: Neurosurgical Patties - Dual Patty V - 2 x 2 cm - 10 packs / box (10 pcs / pack) | F51: ENDOVISION | G51: OUT OF STOCK | J51: =K51-L51 -> 0 | K51: 0 | L51: =SUM(N51:IX51) -> 0 | M51: =SUM(J51) -> 0
A52: DPV0200075B | B52: Neurosurgical Patties - Dual Patty V | E52: Neurosurgical Patties - Dual Patty V - 2 x 7.5 cm - 10 packs / box (10 pcs / pack) | F52: ENDOVISION | G52: OUT OF STOCK | J52: =K52-L52 -> 0 | K52: 0 | L52: =SUM(N52:IX52) -> 0 | M52: =SUM(J52) -> 0
A53: DPV0120012B | B53: Neurosurgical Patties - Dual Patty V | E53: Neurosurgical Patties - Dual Patty V - 1.25 x 1.25 cm - 10 packs / box (10 pcs / pack) | F53: ENDOVISION | G53: OUT OF STOCK | J53: =K53-L53 -> 0 | K53: 0 | L53: =SUM(N53:IX53) -> 0 | M53: =SUM(J53) -> 0
A54: DPV0120012B | B54: Neurosurgical Patties - Dual Patty V Thin | E54: Neurosurgical Patties - Dual Patty V Thin - 1.25 x 1.25 cm - 10 packs / box (10 pcs / pack) | F54: ENDOVISION | G54: OUT OF STOCK | J54: =K54-L54 -> 0 | K54: 0 | L54: =SUM(N54:IX54) -> 0 | M54: =SUM(J54) -> 0
A55: DPV0120030B | B55: Neurosurgical Patties - Dual Patty V Thin | E55: Neurosurgical Patties - Dual Patty V Thin - 1.25 x 3 cm - 10 packs / box (10 pcs / pack) | F55: ENDOVISION | G55: OUT OF STOCK | J55: =K55-L55 -> 0 | K55: 0 | L55: =SUM(N55:IX55) -> 0 | M55: =SUM(J55) -> 0
A56: DPV0200050B | B56: Neurosurgical Patties - Dual Patty V Thin | E56: Neurosurgical Patties - Dual Patty V Thin - 2 x 5 cm - 10 packs / box (10 pcs / pack) | F56: ENDOVISION | G56: OUT OF STOCK | J56: =K56-L56 -> 0 | K56: 0 | L56: =SUM(N56:IX56) -> 0 | M56: =SUM(J56) -> 0
A57: DPV0200075B | B57: Neurosurgical Patties - Dual Patty V Thin | E57: Neurosurgical Patties - Dual Patty V Thin - 2 x 7.5 cm - 10 packs / box (10 pcs / pack) | F57: ENDOVISION | G57: OUT OF STOCK | J57: =K57-L57 -> 0 | K57: 0 | L57: =SUM(N57:IX57) -> 0 | M57: =SUM(J57) -> 0
A58: DPV0200020B | B58: Neurosurgical Patties - Dual Patty V Thin | E58: Neurosurgical Patties - Dual Patty V Thin - 2 x 2 cm - 10 packs / box (10 pcs / pack) | F58: ENDOVISION | G58: OUT OF STOCK | J58: =K58-L58 -> 0 | K58: 0 | L58: =SUM(N58:IX58) -> 0 | M58: =SUM(J58) -> 0

Sheet MACHINE AND SPARE PARTS 2026
A1: ITEM CODE | B1: ITEM NAME | C1: TYPE | D1: BODY PART | E1: DESCRIPTION | F1: MANUFACTURER | G1: STATUS | H1: LOT NO. / SN | I1: LOCATION | J1: EXP./ MANU. DATE | K1: REM QTY | L1: INPUT QTY | M1: OUT | N1: TOTAL | O1: 01-May | P1: 02-May | Q1: 03-May | R1: 04-May | S1: 05-May | T1: 06-May | U1: 07-May | V1: 08-May | W1: 09-May | X1: 10-May | Y1: 11-May | Z1: 12-May | AA1: 13-May | AB1: 14-May | AC1: 15-May | AD1: 16-May | AE1: 17-May | AF1: 18-May | AG1: 19-May | AH1: 20-May | AI1: 21-May | AJ1: 22-May | AK1: 23-May | AL1: 24-May | AM1: 25-May | AN1: 26-May | AO1: 27-May | AP1: 28-May | AQ1: 29-May | AR1: 30-May | AS1: 31-May | AT1: 01-Jun | AU1: 02-Jun | AV1: 03-Jun | AW1: 04-Jun | AX1: 05-Jun | AY1: 06-Jun | AZ1: 07-Jun | BA1: 08-Jun | BB1: 09-Jun | BC1: 10-Jun | BD1: 11-Jun | BE1: 12-Jun | BF1: 13-Jun | BG1: 14-Jun | BH1: 15-Jun | BI1: 16-Jun | BJ1: 17-Jun | BK1: 18-Jun | BL1: 19-Jun | BM1: 20-Jun | BN1: 21-Jun | BO1: 22-Jun | BP1: 23-Jun | BQ1: 24-Jun | BR1: 25-Jun | BS1: 26-Jun | BT1: 27-Jun | BU1: 28-Jun | BV1: 29-Jun | BW1: 30-Jun | BX1: 01-Jul | BY1: 02-Jul | BZ1: 03-Jul | CA1: 04-Jul | CB1: 05-Jul | CC1: 06-Jul | CD1: 07-Jul | CE1: 08-Jul | CF1: 09-Jul | CG1: 10-Jul | CH1: 11-Jul | CI1: 12-Jul | CJ1: 13-Jul | CK1: 14-Jul | CL1: 15-Jul | CM1: 16-Jul | CN1: 17-Jul | CO1: 18-Jul | CP1: 19-Jul | CQ1: 20-Jul | CR1: 21-Jul | CS1: 22-Jul | CT1: 23-Jul | CU1: 24-Jul | CV1: 25-Jul | CW1: 26-Jul | CX1: 27-Jul | CY1: 28-Jul | CZ1: 29-Jul | DA1: 30-Jul | DB1: 31-Jul | DC1: 01-Aug | DD1: 02-Aug | DE1: 03-Aug | DF1: 04-Aug | DG1: 05-Aug | DH1: 06-Aug | DI1: 07-Aug | DJ1: 08-Aug | DK1: 09-Aug | DL1: 10-Aug | DM1: 11-Aug | DN1: 12-Aug | DO1: 13-Aug | DP1: 14-Aug | DQ1: 15-Aug | DR1: 16-Aug | DS1: 17-Aug | DT1: 18-Aug | DU1: 19-Aug | DV1: 20-Aug | DW1: 21-Aug | DX1: 22-Aug | DY1: 23-Aug | DZ1: 24-Aug | EA1: 25-Aug | EB1: 26-Aug | EC1: 27-Aug | ED1: 28-Aug | EE1: 29-Aug | EF1: 30-Aug | EG1: 31-Aug | EH1: 01-Sep | EI1: 02-Sep | EJ1: 03-Sep | EK1: 04-Sep | EL1: 05-Sep | EM1: 06-Sep | EN1: 07-Sep | EO1: 08-Sep | EP1: 09-Sep | EQ1: 10-Sep | ER1: 11-Sep | ES1: 12-Sep | ET1: 13-Sep | EU1: 14-Sep | EV1: 15-Sep | EW1: 16-Sep | EX1: 17-Sep | EY1: 18-Sep | EZ1: 19-Sep | FA1: 20-Sep | FB1: 21-Sep | FC1: 22-Sep | FD1: 23-Sep | FE1: 24-Sep | FF1: 25-Sep | FG1: 26-Sep | FH1: 27-Sep | FI1: 28-Sep | FJ1: 29-Sep | FK1: 30-Sep | FL1: 01-Oct | FM1: 02-Oct | FN1: 03-Oct | FO1: 04-Oct | FP1: 05-Oct | FQ1: 06-Oct | FR1: 07-Oct | FS1: 08-Oct | FT1: 09-Oct | FU1: 10-Oct | FV1: 11-Oct | FW1: 12-Oct | FX1: 13-Oct | FY1: 14-Oct | FZ1: 15-Oct | GA1: 16-Oct | GB1: 17-Oct | GC1: 18-Oct | GD1: 19-Oct | GE1: 20-Oct | GF1: 21-Oct | GG1: 22-Oct | GH1: 23-Oct | GI1: 24-Oct | GJ1: 25-Oct | GK1: 26-Oct | GL1: 27-Oct | GM1: 28-Oct | GN1: 29-Oct | GO1: 30-Oct | GP1: 31-Oct | GQ1: 01-Nov | GR1: 02-Nov | GS1: 03-Nov | GT1: 04-Nov | GU1: 05-Nov | GV1: 06-Nov | GW1: 07-Nov | GX1: 08-Nov | GY1: 09-Nov | GZ1: 10-Nov | HA1: 11-Nov | HB1: 12-Nov | HC1: 13-Nov | HD1: 14-Nov | HE1: 15-Nov | HF1: 16-Nov | HG1: 17-Nov | HH1: 18-Nov | HI1: 19-Nov | HJ1: 20-Nov | HK1: 21-Nov | HL1: 22-Nov | HM1: 23-Nov | HN1: 24-Nov | HO1: 25-Nov | HP1: 26-Nov | HQ1: 27-Nov | HR1: 28-Nov | HS1: 29-Nov | HT1: 30-Nov | HU1: 01-Dec | HV1: 02-Dec | HW1: 03-Dec | HX1: 04-Dec | HY1: 05-Dec | HZ1: 06-Dec | IA1: 07-Dec | IB1: 08-Dec | IC1: 09-Dec | ID1: 10-Dec | IE1: 11-Dec | IF1: 12-Dec | IG1: 13-Dec | IH1: 14-Dec | II1: 15-Dec | IJ1: 16-Dec | IK1: 17-Dec | IL1: 18-Dec | IM1: 19-Dec | IN1: 20-Dec | IO1: 21-Dec | IP1: 22-Dec | IQ1: 23-Dec | IR1: 24-Dec | IS1: 25-Dec | IT1: 26-Dec | IU1: 27-Dec | IV1: 28-Dec | IW1: 29-Dec | IX1: 30-Dec | IY1: 31-Dec
A2: IOB-505 | E2: IOB WARMING UNIT | F2: IOB | G2: USED / DAMAGED | H2: WU202006025EN (machine only) | I2: OFFICE - PULL OUT/REPLACED - BMC | K2: =L2-M2 -> 1 | L2: 1 | M2: =SUM(O2:IY2) -> 0 | N2: =K2 -> 1
A3: IOB-505 | E3: IOB WARMING UNIT | F3: IOB | G3: USED / DAMAGED | H3: WU202001050EN (machine only) | I3: OFFICE - PULL OUT/REPLACED - AL ZAHRA | K3: =L3-M3 -> 1 | L3: 1 | M3: =SUM(O3:IY3) -> 0 | N3: =K3 -> 1
A4: IOB-505 | E4: IOB WARMING UNIT | F4: IOB | G4: USED / DAMAGED | H4: WU202001052EN (machine only) | I4: LDN/MDE-DXB-2026/4001D MEDEOR DUBAI 02-02-2026 | K4: =L4-M4 -> 0 | L4: 0 | M4: =SUM(O4:IY4) -> 0 | N4: =K4 -> 0
A5: IOB-505 | E5: IOB WARMING UNIT | F5: IOB | G5: USED / DAMAGED | H5: WU202006003EN (machine only) | I5: DN/BUR-MC-AD-2026/4003D/Return BMC 09-01-2026 | K5: =L5-M5 -> 0 | L5: 0 | M5: =SUM(O5:IY5) -> 0 | N5: =K5 -> 0
A6: IOB-505 | E6: IOB WARMING UNIT | F6: IOB | G6: USED / DAMAGED | H6: WU202208139EN (machine only) | I6: DN/BUR-MC-AD-2026/4003D/Return BMC 09-01-2026 | K6: =L6-M6 -> 0 | L6: 0 | M6: =SUM(O6:IY6) -> 0 | N6: =K6 -> 0
A7: IOB-505 | E7: IOB WARMING UNIT | F7: IOB | G7: USED / DAMAGED | H7: WU202001068EN (full set - no rolling stand) | I7: LDN-TLSH-2026-4002D - TRUE LIFE SPECIALTY HOSPITAL AA- 18-03-2026 - 1 PC | K7: =L7-M7 -> 0 | L7: 0 | M7: =SUM(O7:IY7) -> 0 | N7: =K7 -> 0
A8: IOB-505 | E8: IOB WARMING UNIT | F8: IOB | G8: USED / DAMAGED | H8: WU202006032EN (machine only) | I8: DN/MDE-DXB-2026-4001D/RETURN - MEDEOR DUBAI - 02-02-2026 | K8: =L8-M8 -> 0 | L8: 0 | M8: =SUM(O8:IY8) -> 0 | N8: =K8 -> 0
A9: IOB-505 | E9: IOB WARMING UNIT | F9: IOB | G9: USED / DAMAGED | H9: WU202202037EN (machine only) | I9: DN/SCRH-2026/4001D/Return SALMA SKMC 09-01-2026 | K9: =L9-M9 -> 0 | L9: 0 | M9: =SUM(O9:IY9) -> 0 | N9: =K9 -> 0
A10: IOB-505 | E10: IOB WARMING UNIT | F10: IOB | G10: USED / DAMAGED | H10: WU202006049EN (full set) | I10: DN/BUR-MC-AD-2026/4001D/Return - BMC - 05-01-2026 | K10: =L10-M10 -> 0 | L10: 0 | M10: =SUM(O10:IY10) -> 0 | N10: =K10 -> 0
A11: IOB-505 | B11: IOB WARMING UNIT | E11: IOB WARMING UNIT | F11: IOB | G11: USED / DAMAGED | H11: WU201907097EN | I11: OFFICE - PULL OUT: SEHA EMIRATES AD 11-09-2025 | K11: =L11-M11 -> 1 | L11: 1 | M11: =SUM(O11:IY11) -> 0 | N11: =K11 -> 1
A12: IOB-505 | B12: IOB WARMING UNIT | E12: IOB WARMING UNIT | F12: IOB | G12: USED / DAMAGED | H12: WU202006041EN (with airhose and power cord) | I12: DN-BUR-SHJ-2026-4001D-RETURN - BURJEEL SPECIALTY HOSP - SHARJAH - 04-05-2026 | K12: =L12-M12 -> 0 | L12: 1 | M12: =SUM(O12:IY12) -> 1 | N12: =K12 -> 0 | R12: =1 -> 1
A13: IOB-505 | B13: IOB WARMING UNIT | E13: IOB WARMING UNIT | F13: IOB | G13: USED / DAMAGED | H13: WU202006020EN (machine with airhose) | I13: DN-BUR-MC-AD-2026-4007D-RETURN - BMC - 18-05-2026 | K13: =L13-M13 -> 0 | L13: 1 | M13: =SUM(O13:IY13) -> 1 | N13: =K13 -> 0 | AF13: =1 -> 1
A14: IOB-505 | E14: IOB WARMING UNIT | F14: IOB | G14: FOR INSPECTION / DAMAGED | H14: WU202001063EN (with power cord) | I14: LDN/MDE-DXB-2026/4001D MEDEOR DUBAI 02-02-2026 | K14: =L14-M14 -> 0 | L14: 0 | M14: =SUM(O14:IY14) -> 0 | N14: =K14 -> 0
A15: IOB-505 | E15: IOB WARMING UNIT | F15: IOB | G15: FOR INSPECTION / DAMAGED | H15: WU202006015EN (with power cord) | I15: LDN/MDE-DXB-2026/4001D MEDEOR DUBAI 02-02-2026 | K15: =L15-M15 -> 0 | L15: 0 | M15: =SUM(O15:IY15) -> 0 | N15: =K15 -> 0
A16: WU-007 | E16: IOB AIR HOSE WITH SENSOR ONE CORD | F16: IOB | G16: FOR INSPECTION: USED / DAMAGED | H16: pull out with machine WU202001063EN & WU202001063EN | I16: DN/MDE-DXB-2026-4001D/RETURN - MEDEOR DUBAI - 02-02-2026 | K16: =L16-M16 -> 0 | L16: 0 | M16: =SUM(O16:IY16) -> 0 | N16: =K16 -> 0
A17: WU-026 | E17: IOB METAL HOSE CLAMP | F17: IOB | G17: FOR INSPECTION: USED / DAMAGED | H17: pull out with machine WU202001063EN & WU202001063EN | I17: LDN/MDE-DXB-2026/4001D MEDEOR DUBAI 02-02-2026 | K17: =L17-M17 -> 0 | L17: 0 | M17: =SUM(O17:IY17) -> 0 | N17: =K17 -> 0
A18: IOB-507 | E18: IOB WARMING UNIT | F18: IOB | G18: USED / DAMAGED | H18: WU250500140 (with airhose, powercord, rolling stand) | I18: LDN-BUR-MC-AD-2026-4001D - BMC - 17-04-2026 | K18: =L18-M18 -> 0 | L18: 0 | M18: =SUM(O18:IY18) -> 0 | N18: =K18 -> 0
A19: IOB-507 | E19: IOB WARMING UNIT | F19: IOB | G19: NEW (26-01-2026) | H19: WU251100221 | 14/11/2025 | I19: LDN/MDE-AD-2026/4001D MEDEOR-AD 27-01-2026 | K19: =L19-M19 -> 0 | L19: 0 | M19: =SUM(O19:IY19) -> 0 | N19: =K19 -> 0
A20: IOB-507 | E20: IOB WARMING UNIT | F20: IOB | G20: NEW (26-01-2026) | H20: WU251100222 | 14/11/2025 | I20: LDN/MDE-AD-2026/4001D MEDEOR-AD 27-01-2026 | K20: =L20-M20 -> 0 | L20: 0 | M20: =SUM(O20:IY20) -> 0 | N20: =K20 -> 0
A21: IOB-507 | E21: IOB WARMING UNIT | F21: IOB | G21: NEW (26-01-2026) | H21: WU251100223 | 14/11/2025 | I21: LDN-BUR-SHJ-2026-4001D BUR SPECIALTY SHJ 28-01-2026 | K21: =L21-M21 -> 0 | L21: 0 | M21: =SUM(O21:IY21) -> 0 | N21: =K21 -> 0
A22: IOB-507 | E22: IOB WARMING UNIT | F22: IOB | G22: NEW (26-01-2026) | H22: WU251100224 | 14/11/2025 | I22: LDN-BUR-SHJ-2026-4001D BUR SPECIALTY SHJ 28-01-2026 | K22: =L22-M22 -> 0 | L22: 0 | M22: =SUM(O22:IY22) -> 0 | N22: =K22 -> 0
A23: IOB-507 | E23: IOB WARMING UNIT | F23: IOB | G23: NEW (26-01-2026) | H23: WU251100225 | 14/11/2025 | I23: LDN-BUR-SHJ-2026-4001D BUR SPECIALTY SHJ 28-01-2026 | K23: =L23-M23 -> 0 | L23: 0 | M23: =SUM(O23:IY23) -> 0 | N23: =K23 -> 0
A24: IOB-507 | E24: IOB WARMING UNIT | F24: IOB | G24: NEW (26-01-2026) | H24: WU251200321 | 06/12/2025 | I24: LDN/BRHA-2026/4001D - BURJEEL ROYAL ASHAREJ AL AIN - 29-01-2026 | K24: =L24-M24 -> 0 | L24: 0 | M24: =SUM(O24:IY24) -> 0 | N24: =K24 -> 0
A25: IOB-507 | E25: IOB WARMING UNIT | F25: IOB | G25: NEW (26-01-2026) | H25: WU251200322 | 06/12/2025 | I25: LDN/BRHA-2026/4001D - BURJEEL ROYAL ASHAREJ AL AIN - 29-01-2026 | K25: =L25-M25 -> 0 | L25: 0 | M25: =SUM(O25:IY25) -> 0 | N25: =K25 -> 0
... A33: IOB-507 | E33: IOB WARMING UNIT | F33: IOB | G33: NEW (26-01-2026) | H33: WU251200330 | 06/12/2025 | I33: OFFICE | K33: =L33-M33 -> 1 | L33: 1 | M33: =SUM(O33:IY33) -> 0 | N33: =K33 -> 1
A34: WU-5-006 | E34: IOB BASEBOARD | F34: IOB | G34: NEW | I34: OFFICE | K34: =L34-M34 -> 8 | L34: =5+4 -> 9 | M34: =SUM(O34:IY34) -> 1 | N34: =K34 -> 8 | R34: =1 -> 1
A35: WU-007 | E35: IOB AIR HOSE WITH SENSOR ONE CORD | F35: IOB | G35: NEW | I35: OFFICE | K35: =L35-M35 -> 5 | L35: 6 | M35: =SUM(O35:IY35) -> 1 | N35: =K35 -> 5 | AF35: =1 -> 1
A36: WU-007 | E36: IOB AIR HOSE WITH SENSOR ONE CORD | F36: IOB | G36: USED / DAMAGED | I36: DN/BUR-MCAD-2026/4002D/FOC BMC 26-01-2026 | K36: =L36-M36 -> 0 | L36: 0 | M36: =SUM(O36:IY36) -> 0 | N36: =K36 -> 0
A37: WU-007 | E37: IOB AIR HOSE WITH SENSOR ONE CORD | F37: IOB | G37: USED / DAMAGED | I37: DN/AACS-2026/4002D/RETURN AMERICAN ACADEMY 19-01-2026 (1 PC) | K37: =L37-M37 -> 0 | L37: 0 | M37: =SUM(O37:IY37) -> 0 | N37: =K37 -> 0
A38: WU-007 | E38: IOB AIR HOSE WITH SENSOR ONE CORD | F38: IOB | G38: USED / DAMAGED | I38: OFFICE - Pull Out-BUR-MCAD-2026-4009D - BMC - 21-01-2026 | K38: =L38-M38 -> 2 | L38: 2 | M38: =SUM(O38:IY38) -> 0 | N38: =K38 -> 2
A39: WU-007 | E39: IOB AIR HOSE WITH SENSOR ONE CORD | F39: IOB | G39: USED / DAMAGED | I39: DN/BUR-MC-AD-2026/4005D/Return - BMC - 16-02-2026 | K39: =L39-M39 -> 0 | L39: 0 | M39: =SUM(O39:IY39) -> 0 | N39: =K39 -> 0
A40: WU-007 | E40: IOB AIR HOSE WITH SENSOR ONE CORD | F40: IOB | G40: USED / DAMAGED | I40: OFFICE - Pull Out-BUR-MCAD-2026-4012D - BMC - 05-02-2026 | K40: =L40-M40 -> 0 | L40: 0 | M40: =SUM(O40:IY40) -> 0 | N40: =K40 -> 0
A41: WU-007 | E41: IOB AIR HOSE WITH SENSOR ONE CORD | F41: IOB | G41: USED / DAMAGED | I41: DN-AST-M-2026-4001D-RETURN - ASTER MANKHOOL - 12-05-2026 | K41: =L41-M41 -> 0 | L41: 1 | M41: =SUM(O41:IY41) -> 1 | N41: =K41 -> 0 | Z41: =1 -> 1
A42: WU-007 | E42: IOB AIR HOSE WITH SENSOR ONE CORD | F42: IOB | G42: USED / DAMAGED | I42: OFFICE - Pull Out-MGH-HCC-2026-4023D - MEDICLINIC CITY - 12-05-2026 | K42: =L42-M42 -> 1 | L42: 1 | M42: =SUM(O42:IY42) -> 0 | N42: =K42 -> 1
A43: WU-008 | E43: IOB ELBOW WITH SENSOR TWO CORD | F43: IOB | G43: NEW | I43: OFFICE | K43: =L43-M43 -> 3 | L43: 3 | M43: =SUM(O43:IY43) -> 0 | N43: =K43 -> 3
A44: IOB ROLLING STAND WHEELS | E44: IOB ROLLING STAND WHEELS | F44: IOB | G44: NEW | I44: OFFICE | K44: =L44-M44 -> 4 | L44: 4 | M44: =SUM(O44:IY44) -> 0 | N44: =K44 -> 4
A45: WU-010 | E45: INITIAL FILTER | F45: IOB | G45: NEW | I45: OFFICE | K45: =L45-M45 -> 77 | L45: =2+75 -> 77 | M45: =SUM(O45:IY45) -> 0 | N45: =K45 -> 77
A46: WU-011 | E46: NOISE BOARD ASSY | F46: IOB | G46: NEW (09-05-2026) | I46: OFFICE | K46: =L46-M46 -> 1 | L46: 1 | M46: =SUM(O46:IY46) -> 0 | N46: =K46 -> 1
A47: WU-026 | E47: IOB METAL HOSE CLAMP | F47: IOB | G47: NEW | I47: LDN/MDE-DXB-2026/4001D MEDEOR DUBAI 02-02-2026 | K47: =L47-M47 -> 0 | L47: 0 | M47: =SUM(O47:IY47) -> 0 | N47: =K47 -> 0
A48: WU-026 | E48: IOB METAL HOSE CLAMP | F48: IOB | G48: USED / DAMAGED | I48: OFFICE | K48: =L48-M48 -> 0 | L48: 1 | M48: =SUM(O48:IY48) -> 1 | N48: =K48 -> 0 | AU48: =1 -> 1
A49: WU-5-004 | E49: PTC HEATER (220V) | F49: IOB | G49: NEW | I49: OFFICE | K49: =L49-M49 -> 6 | L49: 6 | M49: =SUM(O49:IY49) -> 0 | N49: =K49 -> 6
A50: WU-036 | E50: ALUMINUM FAN SUPPORT PLATE | F50: IOB | G50: NEW | I50: OFFICE | K50: =L50-M50 -> 10 | L50: 10 | M50: =SUM(O50:IY50) -> 0 | N50: =K50 -> 10
A51: WU-037 | E51: ALUM HOOK BACK ASSY | F51: IOB | G51: NEW (09-05-2026) | I51: OFFICE | K51: =L51-M51 -> 6 | L51: 6 | M51: =SUM(O51:IY51) -> 0 | N51: =K51 -> 6
A52: WU-5-015 | E52: LCD DISPLAY AND CONTROL BOARD | F52: IOB | G52: NEW | I52: OFFICE | K52: =L52-M52 -> 7 | L52: 8 | M52: =SUM(O52:IY52) -> 1 | N52: =K52 -> 7 | AC52: =1 -> 1
A53: WU-0-015 | E53: LCD DISPLAY AND CONTROL BOARD | F53: IOB | G53: USED / DAMAGED | I53: OFFICE | K53: =L53-M53 -> 1 | L53: 1 | M53: =SUM(O53:IY53) -> 0 | N53: =K53 -> 1
A54: DAMAGED ROLLING STAND (BOTH - NO BASKET) | E54: DAMAGED ROLLING STAND (BOTH - NO BASKET) | F54: IOB | G54: USED / DAMAGED | I54: OFFICE | K54: =L54-M54 -> 2 | L54: 2 | M54: =SUM(O54:IY54) -> 0 | N54: =K54 -> 2
A55: WU-029 | E55: IOB HEPA FILTER + INITIAL FILTER | F55: IOB | G55: NEW | I55: OFFICE | K55: =L55-M55 -> 25 | L55: 25 | M55: =SUM(O55:IY55) -> 0 | N55: =K55 -> 25
A56: WU-009 | E56: IOB HEPA FILTER (NO INITIAL FILTER) | F56: IOB | G56: NEW | I56: OFFICE | K56: =L56-M56 -> 49 | L56: 49 | M56: =SUM(O56:IY56) -> 0 | N56: =K56 -> 49
A57: WU-025 | E57: IOB ROLLING STAND (NO BASKET, NO ROD) | F57: IOB | G57: UNUSED / GOOD CONDITION | I57: OFFICE | K57: =L57-M57 -> 2 | L57: 2 | M57: =SUM(O57:IY57) -> 0 | N57: =K57 -> 2
A58: WU-025 | E58: IOB ROLLING STAND | F58: IOB | G58: UNUSED / GOOD CONDITION | I58: LDN-BUR-SHJ-2026-4001D BUR SPECIALTY SHJ 28-01-2026 | K58: =L58-M58 -> 0 | L58: 0 | M58: =SUM(O58:IY58) -> 0 | N58: =K58 -> 0
A59: WU-025 | E59: IOB ROLLING STAND | F59: IOB | G59: NEW (26-01-2026) | H59: RS2511005 1/5 | 20251112 | I59: LDN/MDE-DXB-2026/4001D MEDEOR DUBAI 02-02-2026 | K59: =L59-M59 -> 0 | L59: 0 | M59: =SUM(O59:IY59) -> 0 | N59: =K59 -> 0
A60: WU-025 | E60: IOB ROLLING STAND | F60: IOB | G60: NEW (26-01-2026) | H60: RS2511005 2/5 | 20251112 | I60: LDN/MDE-DXB-2026/4001D MEDEOR DUBAI 02-02-2026 | K60: =L60-M60 -> 0 | L60: 0 | M60: =SUM(O60:IY60) -> 0 | N60: =K60 -> 0
A61: WU-025 | E61: IOB ROLLING STAND | F61: IOB | G61: NEW (26-01-2026) | H61: RS2511005 3/5 | 20251112 | I61: LDN/MDE-DXB-2026/4001D MEDEOR DUBAI 02-02-2026 | K61: =L61-M61 -> 0 | L61: 0 | M61: =SUM(O61:IY61) -> 0 | N61: =K61 -> 0
A62: WU-025 | E62: IOB ROLLING STAND | F62: IOB | G62: NEW (26-01-2026) | H62: RS2511005 4/5 | 20251112 | I62: LDN/AVH-2026/4001D - ADAM VITAL - 06-02-2026 | K62: =L62-M62 -> 0 | L62: 0 | M62: =SUM(O62:IY62) -> 0 | N62: =K62 -> 0
A63: WU-025 | E63: IOB ROLLING STAND | F63: IOB | G63: NEW (26-01-2026) | H63: RS2511005 5/5 | 20251112 | I63: LDN-BUR-SHJ-2026-4001D BUR SPECIALTY SHJ 28-01-2026 | K63: =L63-M63 -> 0 | L63: 0 | M63: =SUM(O63:IY63) -> 0 | N63: =K63 -> 0
A64: WU-025 | E64: IOB ROLLING STAND | F64: IOB | G64: NEW (26-01-2026) | H64: RS2512003 1/5 | 20251206 | I64: LDN-AACS-2026-4001D - AMERICAN ACADEMY - 18-02-2026 | K64: =L64-M64 -> 0 | L64: 0 | M64: =SUM(O64:IY64) -> 0 | N64: =K64 -> 0
A65: WU-025 | E65: IOB ROLLING STAND | F65: IOB | G65: NEW (26-01-2026) | H65: RS2512003 2/5 | 20251206 | I65: LDN-AACS-2026-4001D - AMERICAN ACADEMY - 18-02-2026 | K65: =L65-M65 -> 0 | L65: 0 | M65: =SUM(O65:IY65) -> 0 | N65: =K65 -> 0
A66: WU-025 | E66: IOB ROLLING STAND | F66: IOB | G66: NEW (26-01-2026) | H66: RS2512003 3/5 | 20251206 | I66: LDN/AVH-2026/4001D - ADAM VITAL - 06-02-2026 | K66: =L66-M66 -> 0 | L66: 0 | M66: =SUM(O66:IY66) -> 0 | N66: =K66 -> 0
A67: WU-025 | E67: IOB ROLLING STAND | F67: IOB | G67: NEW (26-01-2026) | H67: RS2512003 4/5 | 20251206 | I67: LDN/MDE-AD-2026/4001D MEDEOR-AD 27-01-2026 | K67: =L67-M67 -> 0 | L67: 0 | M67: =SUM(O67:IY67) -> 0 | N67: =K67 -> 0
A68: WU-025 | E68: IOB ROLLING STAND | F68: IOB | G68: NEW (26-01-2026) | H68: RS2512003 5/5 | 20251206 | I68: LDN/MDE-AD-2026/4001D MEDEOR-AD 27-01-2026 | K68: =L68-M68 -> 0 | L68: 0 | M68: =SUM(O68:IY68) -> 0 | N68: =K68 -> 0
A69: WU-025 | E69: IOB ROLLING STAND | F69: IOB | G69: NEW (09-05-2026) | H69: RS2603007 | 20260317 | I69: OFFICE | K69: =L69-M69 -> 2 | L69: 3 | M69: =SUM(O69:IY69) -> 1 | N69: =K69 -> 2 | AH69: =1 -> 1
A70: WU-025 | E70: IOB ROLLING STAND (NO BASKET) 2/4 | F70: IOB | G70: NEW (09-05-2026) | H70: RS2603007 | 20260317 2/4 | I70: OFFICE - BASKET DELIVERED TO BURJEEL AL NAJDA - DN-BUR-AD-2026-4005D-FOC - 02/06/2026 | K70: =L70-M70 -> 1 | L70: 1 | M70: =SUM(O70:IY70) -> 0 | N70: =K70 -> 1
A71: IOB ROLLING STAND BASKET | E71: IOB ROLLING STAND BASKET | F71: IOB | G71: USED / DAMAGED | I71: OFFICE - PULL OUT-BUR-MCAD-2026-4005D 07-01-2026 | K71: =L71-M71 -> 1 | L71: 1 | M71: =SUM(O71:IY71) -> 0 | N71: =K71 -> 1
A72: LBTK-5001 | B72: VEINOFLOW SCD | E72: VEINOFLOW SCD | F72: LABTEK | G72: USED / DAMAGED | H72: 51-2404024099 (with airtube and powercord) | I72: LDN-AACS-2026-4001D - AMERICAN ACADEMY - 18-02-2026 | K72: =L72-M72 -> 0 | L72: 0 | M72: =SUM(O72:IY72) -> 0 | N72: =K72 -> 0
A73: LBTK-5001 | B73: VEINOFLOW SCD | E73: VEINOFLOW SCD | F73: LABTEK | G73: USED / DAMAGED | H73: 51-2404024098 (with airtube and powercord) | I73: LDN-AACS-2026-4001D - AMERICAN ACADEMY - 18-02-2026 | K73: =L73-M73 -> 0 | L73: 0 | M73: =SUM(O73:IY73) -> 0 | N73: =K73 -> 0
A74: LBTK-5001 | B74: VEINOFLOW SCD | E74: VEINOFLOW SCD | F74: LABTEK | G74: NEW 17-02-2026 | H74: 51-2512114373 | 12/12/2025 | I74: LDN-HMSMH-2026-4001D - HMS MIRDIF - 18-02-2026 | K74: =L74-M74 -> 0 | L74: 0 | M74: =SUM(O74:IY74) -> 0 | N74: =K74 -> 0
A75: LBTK-5001 | B75: VEINOFLOW SCD | E75: VEINOFLOW SCD | F75: LABTEK | G75: NEW 17-02-2026 | H75: 51-2512114374 | 12/12/2025 | I75: LDN-HMSMH-2026-4001D - HMS MIRDIF - 18-02-2026 | K75: =L75-M75 -> 0 | L75: 0 | M75: =SUM(O75:IY75) -> 0 | N75: =K75 -> 0
A76: LBTK-5001 | B76: VEINOFLOW SCD | E76: VEINOFLOW SCD | F76: LABTEK | G76: NEW 17-02-2026 | H76: 51-2512114375 | 12/12/2025 | I76: LDN-HMSMH-2026-4001D - HMS MIRDIF - 18-02-2026 | K76: =L76-M76 -> 0 | L76: 0 | M76: =SUM(O76:IY76) -> 0 | N76: =K76 -> 0
A77: LBTK-5001 | B77: VEINOFLOW SCD | E77: VEINOFLOW SCD | F77: LABTEK | G77: NEW 17-02-2026 | H77: 51-2512114376 | 12/12/2025 | I77: LDN-HMSMH-2026-4001D - HMS MIRDIF - 18-02-2026 | K77: =L77-M77 -> 0 | L77: 0 | M77: =SUM(O77:IY77) -> 0 | N77: =K77 -> 0
A78: LBTK-5001 | B78: VEINOFLOW SCD | E78: VEINOFLOW SCD | F78: LABTEK | G78: NEW 17-02-2026 | H78: 51-2512114377 | 12/12/2025 | I78: LDN-HMSMH-2026-4001D - HMS MIRDIF - 18-02-2026 | K78: =L78-M78 -> 0 | L78: 0 | M78: =SUM(O78:IY78) -> 0 | N78: =K78 -> 0
A79: LBTK-5005 | E79: VEINOFLOW SCD | F79: LABTEK | G79: USED / DAMAGED | H79: 55-2012231358 (machine only) | I79: OFFICE - PULL OUT: HARLEY STREET 01-08-2025 | K79: =L79-M79 -> 1 | L79: 1 | M79: =SUM(O79:IY79) -> 0 | N79: =K79 -> 1
A80: LBTK-5005 | E80: VEINOFLOW SCD | F80: LABTEK | G80: USED / DAMAGED | H80: 55-2102091368 (machine only) | I80: OFFICE - PULL OUT: KANAD | K80: =L80-M80 -> 1 | L80: 1 | M80: =SUM(O80:IY80) -> 0 | N80: =K80 -> 1
A81: LBTK-5005 | E81: VEINOFLOW SCD | F81: LABTEK | G81: USED / DAMAGED | H81: 55-2002130939 (machine with airtube and power cable) | I81: DN/EMI-JUM-2026/4001D/Return - EMI-JUM - 05-01-2026 | K81: =L81-M81 -> 0 | L81: 0 | M81: =SUM(O81:IY81) -> 0 | N81: =K81 -> 0
A82: LBTK-5005 | E82: VEINOFLOW SCD | F82: LABTEK | G82: USED / DAMAGED | H82: 55-2012231344 (machine only) | I82: DN/2026-4001D/BUR-AN-AD/Return - BUR AL NAJDA - 22-01-2026 | K82: =L82-M82 -> 0 | L82: 0 | M82: =SUM(O82:IY82) -> 0 | N82: =K82 -> 0
A83: LBTK-5005 | E83: VEINOFLOW SCD | F83: LABTEK | G83: USED / DAMAGED | H83: 55-2304402452 (machine only) | I83: OFFICE - Pull Out-BUR-MCAD-2026-4012D - BMC - 05-02-2026 | K83: =L83-M83 -> 1 | L83: 1 | M83: =SUM(O83:IY83) -> 0 | N83: =K83 -> 1
A84: LBTK-5005 | E84: VEINOFLOW SCD | F84: LABTEK | G84: USED / DAMAGED | H84: 55-2203031754 (machine only) | I84: DN/BUR-MC-AD-2026/4006D/Return - BMC - 23-02-2026 | K84: =L84-M84 -> 0 | L84: 0 | M84: =SUM(O84:IY84) -> 0 | N84: =K84 -> 0
A85: LBTK-5005 | E85: VEINOFLOW SCD | F85: LABTEK | G85: USED / DAMAGED | H85: 55-2102091405 (machine only) | I85: DN-AZH-DXB-2026-4001D-RETURN - AL ZAHRA - 23-03-2026 | K85: =L85-M85 -> 0 | L85: 0 | M85: =SUM(O85:IY85) -> 0 | N85: =K85 -> 0
A86: LBTK-5005 | E86: VEINOFLOW SCD | F86: LABTEK | G86: USED / DAMAGED | H86: 55-2102091376 (machine only) | I86: LDN-HMSGH-2026-4004D - HMS AL GARHOUD - 15-04-2026 | K86: =L86-M86 -> 0 | L86: 0 | M86: =SUM(O86:IY86) -> 0 | N86: =K86 -> 0
A87: LBTK-5005 | E87: VEINOFLOW SCD | F87: LABTEK | G87: USED / DAMAGED | H87: 55-2102091414 (machine only) | I87: LDN-EMI-JUM-2026-4004D-EMIRATES REHAB HOMECARE JUM-01-05-2026 | K87: =L87-M87 -> 0 | L87: 1 | M87: =SUM(O87:IY87) -> 1 | N87: =K87 -> 0 | O87: =1 -> 1
A88: LBTK-5005 | E88: VEINOFLOW SCD | F88: LABTEK | G88: USED / DAMAGED | H88: 55-2203031737 (machine only) | I88: LDN-GH-2026-4004D - GARGASH - 22-04-2026 | K88: =L88-M88 -> 0 | L88: 0 | M88: =SUM(O88:IY88) -> 0 | N88: =K88 -> 0
A89: LBTK-5005 | E89: VEINOFLOW SCD | F89: LABTEK | G89: USED / DAMAGED | H89: 55-2307422479 (machine only) | I89: LDN-HMSGH-2026-4004D - HMS AL GARHOUD - 15-04-2026 | K89: =L89-M89 -> 0 | L89: 0 | M89: =SUM(O89:IY89) -> 0 | N89: =K89 -> 0
A90: LBTK-5005 | E90: VEINOFLOW SCD | F90: LABTEK | G90: USED / DAMAGED | H90: 55-2010161314 (machine only) | I90: OFFICE - PULL OUT-KHAA-2026-4019D - KANAD - 15-04-2026 | K90: =L90-M90 -> 1 | L90: 1 | M90: =SUM(O90:IY90) -> 0 | N90: =K90 -> 1
A91: LBTK-5005 | E91: VEINOFLOW SCD | F91: LABTEK | G91: USED / DAMAGED | H91: 55-2102091401 (machine only) | I91: LDN-BUR-MC-AD-2026-4001D - BMC - 17-04-2026 | K91: =L91-M91 -> 0 | L91: 0 | M91: =SUM(O91:IY91) -> 0 | N91: =K91 -> 0
A92: LBTK-5005 | E92: VEINOFLOW SCD | F92: LABTEK | G92: USED / DAMAGED | H92: 55-2203031743 (machine only) | I92: LDN-IMH-2026-4002D - IMH DUBAI - 15-04-2026 | K92: =L92-M92 -> 0 | L92: 0 | M92: =SUM(O92:IY92) -> 0 | N92: =K92 -> 0
A93: LBTK-5005 | E93: VEINOFLOW SCD | F93: LABTEK | G93: USED / DAMAGED | H93: 55-2002130958 (machine only) | I93: DN-BRHA-2026-DEMONSTRATION - BURJEEL ROYAL ASHAREJ AL AIN - 08-05-2026 | K93: =L93-M93 -> 0 | L93: 1 | M93: =SUM(O93:IY93) -> 1 | N93: =K93 -> 0 | V93: =1 -> 1
A94: LBTK-5005 | E94: VEINOFLOW SCD | F94: LABTEK | G94: USED / DAMAGED | H94: 55-2010161330 (machine only) | I94: OFFICE - PULL OUT-KHAA-2026-4019D - KANAD - 15-04-2026 | K94: =L94-M94 -> 1 | L94: 1 | M94: =SUM(O94:IY94) -> 0 | N94: =K94 -> 1
A95: LBTK-5005 | E95: VEINOFLOW SCD | F95: LABTEK | G95: USED / DAMAGED | H95: 55-2104121435 (machine only) | I95: LDN-GH-2026-4004D - GARGASH - 22-04-2026 | K95: =L95-M95 -> 0 | L95: 0 | M95: =SUM(O95:IY95) -> 0 | N95: =K95 -> 0
A96: LBTK-5005 | E96: VEINOFLOW SCD | F96: LABTEK | G96: USED / DAMAGED | H96: 55-2002130932 (with airtube and power cord) | I96: DN-AACS-2026-4003D-RETURN - AMERICAN ACADEMY - 03-06-2026 | K96: =L96-M96 -> 0 | L96: 1 | M96: =SUM(O96:IY96) -> 1 | N96: =K96 -> 0 | AV96: =1 -> 1
A97: LBTK-5005 | E97: VEINOFLOW SCD | F97: LABTEK | G97: NEW | H97: 55-2411543333 full set (air tube taken from 51-2404024098) | I97: LDN/GH-2026/4001D - GARGASH - 11-02-2026 | K97: =L97-M97 -> 0 | L97: 0 | M97: =SUM(O97:IY97) -> 0 | N97: =K97 -> 0
A98: LBTK-5005 | E98: VEINOFLOW SCD | F98: LABTEK | G98: USED / GOOD CONDITION | H98: 55-2102091407 (machine only) | I98: LDN-BUR-MC-AD-2026-4001D - BMC - 17-04-2026 | K98: =L98-M98 -> 0 | L98: 0 | M98: =SUM(O98:IY98) -> 0 | N98: =K98 -> 0
A99: LBTK-5005 | E99: VEINOFLOW SCD | F99: LABTEK | G99: USED / GOOD CONDITION | H99: 55-2102091369 (full set) | I99: LDN-TLSH-2026-4002D - TRUE LIFE SPECIALTY HOSPITAL AA- 18-03-2026 - 1 PC | K99: =L99-M99 -> 0 | L99: 0 | M99: =SUM(O99:IY99) -> 0 | N99: =K99 -> 0
A100: LBTK-5005 | E100: VEINOFLOW SCD | F100: LABTEK | G100: USED / GOOD CONDITION | H100: 55-2102091416 (full set) | I100: LDN-TLSH-2026-4002D - TRUE LIFE SPECIALTY HOSPITAL AA- 18-03-2026 - 1 PC | K100: =L100-M100 -> 0 | L100: 0 | M100: =SUM(O100:IY100) -> 0 | N100: =K100 -> 0
A101: LBTK-5005 | E101: VEINOFLOW SCD | F101: LABTEK | G101: USED / GOOD CONDITION | H101: 55-2102091402 (full set) | I101: LDN-IMH-2026-4001D - IMH - 30-03-2026 | K101: =L101-M101 -> 0 | L101: 0 | M101: =SUM(O101:IY101) -> 0 | N101: =K101 -> 0
A102: LBTK-5006 | E102: VEINOFLOW SCD | F102: LABTEK | G102: USED / DAMAGED | H102: 56-2212280193 (machine only) | I102: DN/BUR-MC-AD-2026/4004D/Return - BMC - 16-02-2026 | K102: =L102-M102 -> 0 | L102: 0 | M102: =SUM(O102:IY102) -> 0 | N102: =K102 -> 0
A103: LBTK-5006 | E103: VEINOFLOW SCD | F103: LABTEK | G103: NEW 17-02-2026 | H103: 56-2511160429 | 2025-11-07 | I103: LDN/GH-2026/4002D - GARGASH - 19-02-2026 | K103: =L103-M103 -> 0 | L103: 0 | M103: =SUM(O103:IY103) -> 0 | N103: =K103 -> 0
A104: LBTK-5006 | E104: VEINOFLOW SCD | F104: LABTEK | G104: NEW 17-02-2026 | H104: 56-2511160430 | 2025-11-07 | I104: LDN/HMSGH-2026/4002D - HMS AL GARHOUD - 23-02-2026 | K104: =L104-M104 -> 0 | L104: 0 | M104: =SUM(O104:IY104) -> 0 | N104: =K104 -> 0
A105: LBTK-5006 | E105: VEINOFLOW SCD | F105: LABTEK | G105: NEW 17-02-2026 | H105: 56-2511160431 | 2025-11-07 | I105: LDN/HMSGH-2026/4002D - HMS AL GARHOUD - 23-02-2026 | K105: =L105-M105 -> 0 | L105: 0 | M105: =SUM(O105:IY105) -> 0 | N105: =K105 -> 0
A106: LBTK-5006 | E106: VEINOFLOW SCD | F106: LABTEK | G106: NEW 17-02-2026 | H106: 56-2511160432 | 2025-11-07 | I106: LDN/HMSGH-2026/4002D - HMS AL GARHOUD - 23-02-2026 | K106: =L106-M106 -> 0 | L106: 0 | M106: =SUM(O106:IY106) -> 0 | N106: =K106 -> 0
A107: LBTK-5006 | E107: VEINOFLOW SCD | F107: LABTEK | G107: NEW 17-02-2026 | H107: 56-2511160433 | 2025-11-07 | I107: LDN/HMSGH-2026/4003D - HMS AL GARHOUD - 24-02-2026 | K107: =L107-M107 -> 0 | L107: 0 | M107: =SUM(O107:IY107) -> 0 | N107: =K107 -> 0
...

Sheet STOCK WARNING
A1: ITEM | B1: WARNING QTY | C1: REMAINING STOCK AS OF 26-02-2026 (MANUAL) | D1: REMAINING STOCK (FORMULA) | E1: EQUAL? | F1: WARNING NOTIFICATION | G1: DIFFERENCE
A2: IOB-004 | B2: 7000 | C2: 6183 | D2: ='DISPOSABLE ITEMS'!M20 -> 6733 | E2: =IF(C2=D2,"OK","XX") -> XX | F2: =IF(D2<B2,"BELOW REORDER QTY","QUANTITY ABOVE WARNING") -> BELOW REORDER QTY | G2: =B2-D2 -> 267
A3: IOB-003 | B3: 800 | C3: 727 | D3: ='DISPOSABLE ITEMS'!M13 -> 767 | E3: =IF(C3=D3,"OK","XX") -> XX | F3: =IF(D3<B3,"BELOW REORDER QTY","QUANTITY ABOVE WARNING") -> BELOW REORDER QTY | G3: =B3-D3 -> 33
A4: IOB-002 | B4: 280 | C4: 564 | D4: ='DISPOSABLE ITEMS'!M6 -> 24 | E4: =IF(C4=D4,"OK","XX") -> XX | F4: =IF(D4<B4,"BELOW REORDER QTY","QUANTITY ABOVE WARNING") -> BELOW REORDER QTY | G4: =B4-D4 -> 256
A5: IOB-007 | B5: 400 | C5: 865 | D5: ='DISPOSABLE ITEMS'!M27 -> 224 | E5: =IF(C5=D5,"OK","XX") -> XX | F5: =IF(D5<B5,"BELOW REORDER QTY","QUANTITY ABOVE WARNING") -> BELOW REORDER QTY | G5: =B5-D5 -> 176
A6: IOB-012 | B6: 100 | C6: 332 | D6: ='DISPOSABLE ITEMS'!M33 -> 322 | E6: =IF(C6=D6,"OK","XX") -> XX | F6: =IF(D6<B6,"BELOW REORDER QTY","QUANTITY ABOVE WARNING") -> QUANTITY ABOVE WARNING | G6: =B6-D6 -> -222
A7: IOB-006 | B7: 100 | C7: 490 | D7: ='DISPOSABLE ITEMS'!M21 -> 370 | E7: =IF(C7=D7,"OK","XX") -> XX | F7: =IF(D7<B7,"BELOW REORDER QTY","QUANTITY ABOVE WARNING") -> QUANTITY ABOVE WARNING | G7: =B7-D7 -> -270
A8: IOB-008 | B8: 200 | C8: 640 | D8: ='DISPOSABLE ITEMS'!M30 -> 420 | E8: =IF(C8=D8,"OK","XX") -> XX | F8: =IF(D8<B8,"BELOW REORDER QTY","QUANTITY ABOVE WARNING") -> QUANTITY ABOVE WARNING | G8: =B8-D8 -> -220
A9: IOB-028 | B9: 400 | C9: 514 | D9: ='DISPOSABLE ITEMS'!M48 -> 499 | E9: =IF(C9=D9,"OK","XX") -> XX | F9: =IF(D9<B9,"BELOW REORDER QTY","QUANTITY ABOVE WARNING") -> QUANTITY ABOVE WARNING | G9: =B9-D9 -> -99
A10: IOB-009 | B10: 120 | C10: 390 | D10: ='DISPOSABLE ITEMS'!M32 -> 390 | E10: =IF(C10=D10,"OK","XX") -> OK | F10: =IF(D10<B10,"BELOW REORDER QTY","QUANTITY ABOVE WARNING") -> QUANTITY ABOVE WARNING | G10: =B10-D10 -> -270
A11: IOB-025 | B11: 100 | C11: 465 | D11: ='DISPOSABLE ITEMS'!M40 -> 465 | E11: =IF(C11=D11,"OK","XX") -> OK | F11: =IF(D11<B11,"BELOW REORDER QTY","QUANTITY ABOVE WARNING") -> QUANTITY ABOVE WARNING | G11: =B11-D11 -> -365
A12: IOB-016 | B12: 240 | C12: 409 | D12: ='DISPOSABLE ITEMS'!M38 -> 79 | E12: =IF(C12=D12,"OK","XX") -> XX | F12: =IF(D12<B12,"BELOW REORDER QTY","QUANTITY ABOVE WARNING") -> BELOW REORDER QTY | G12: =B12-D12 -> 161
A13: BOV-300-S / LBTK500-S | B13: 450 | C13: =123+750 -> 873 | D13: ='DISPOSABLE ITEMS'!M52+'DISPOSABLE ITEMS'!M75 -> 113 | E13: =IF(C13=D13,"OK","XX") -> XX | F13: =IF(D13<B13,"BELOW REORDER QTY","QUANTITY ABOVE WARNING") -> BELOW REORDER QTY | G13: =B13-D13 -> 337
A14: BOV-300-M / LBTK500-M | B14: 1000 | C14: =83+1450 -> 1533 | D14: ='DISPOSABLE ITEMS'!M57+'DISPOSABLE ITEMS'!M77 -> 42 | E14: =IF(C14=D14,"OK","XX") -> XX | F14: =IF(D14<B14,"BELOW REORDER QTY","QUANTITY ABOVE WARNING") -> BELOW REORDER QTY | G14: =B14-D14 -> 958
A15: BOV-300-L / LBTK500-L | B15: 500 | C15: =56+730 -> 786 | D15: ='DISPOSABLE ITEMS'!M60+'DISPOSABLE ITEMS'!M79 -> 103 | E15: =IF(C15=D15,"OK","XX") -> XX | F15: =IF(D15<B15,"BELOW REORDER QTY","QUANTITY ABOVE WARNING") -> BELOW REORDER QTY | G15: =B15-D15 -> 397
A16: BOV-301-S / LBTK502-S | B16: 100 | C16: =258+100 -> 358 | D16: ='DISPOSABLE ITEMS'!M63+'DISPOSABLE ITEMS'!M80 -> 352 | E16: =IF(C16=D16,"OK","XX") -> XX | F16: =IF(D16<B16,"BELOW REORDER QTY","QUANTITY ABOVE WARNING") -> QUANTITY ABOVE WARNING | G16: =B16-D16 -> -252
A17: BOV-301-M / LBTK502-M | B17: 350 | C17: =186+460 -> 646 | D17: ='DISPOSABLE ITEMS'!M66+'DISPOSABLE ITEMS'!M82 -> 395 | E17: =IF(C17=D17,"OK","XX") -> XX | F17: =IF(D17<B17,"BELOW REORDER QTY","QUANTITY ABOVE WARNING") -> QUANTITY ABOVE WARNING | G17: =B17-D17 -> -45
A18: BOV-301-L / LBTK502-L | B18: 350 | C18: =0+108 -> 108 | D18: ='DISPOSABLE ITEMS'!M70+'DISPOSABLE ITEMS'!M84 -> 30 | E18: =IF(C18=D18,"OK","XX") -> XX | F18: =IF(D18<B18,"BELOW REORDER QTY","QUANTITY ABOVE WARNING") -> BELOW REORDER QTY | G18: =B18-D18 -> 320
A19: BOV-301-XL | B19: 100 | C19: =501 -> 501 | D19: ='DISPOSABLE ITEMS'!M72 -> 83 | E19: =IF(C19=D19,"OK","XX") -> XX | F19: =IF(D19<B19,"BELOW REORDER QTY","QUANTITY ABOVE WARNING") -> BELOW REORDER QTY | G19: =B19-D19 -> 17
A20: 6111S | B20: 50 | C20: 134 | D20: ='DISPOSABLE ITEMS'!M106 -> 134 | E20: =IF(C20=D20,"OK","XX") -> OK | F20: =IF(D20<B20,"BELOW REORDER QTY","QUANTITY ABOVE WARNING") -> QUANTITY ABOVE WARNING | G20: =B20-D20 -> -84
A21: 6111M | B21: 50 | C21: 164 | D21: ='DISPOSABLE ITEMS'!M108 -> 158 | E21: =IF(C21=D21,"OK","XX") -> XX | F21: =IF(D21<B21,"BELOW REORDER QTY","QUANTITY ABOVE WARNING") -> QUANTITY ABOVE WARNING | G21: =B21-D21 -> -108
A22: 6111L | B22: 50 | C22: 8 | D22: ='DISPOSABLE ITEMS'!M109 -> 2 | E22: =IF(C22=D22,"OK","XX") -> XX | F22: =IF(D22<B22,"BELOW REORDER QTY","QUANTITY ABOVE WARNING") -> BELOW REORDER QTY | G22: =B22-D22 -> 48
A23: 6111XL | B23: 70 | C23: 3 | D23: ='DISPOSABLE ITEMS'!M110 -> 0 | E23: =IF(C23=D23,"OK","XX") -> XX | F23: =IF(D23<B23,"BELOW REORDER QTY","QUANTITY ABOVE WARNING") -> BELOW REORDER QTY | G23: =B23-D23 -> 70
A24: 6111XXL | B24: 70 | C24: 0 | D24: ='DISPOSABLE ITEMS'!M112 -> 0 | E24: =IF(C24=D24,"OK","XX") -> OK | F24: =IF(D24<B24,"BELOW REORDER QTY","QUANTITY ABOVE WARNING") -> BELOW REORDER QTY | G24: =B24-D24 -> 70
A25: 6121S | B25: 150 | C25: 237 | D25: ='DISPOSABLE ITEMS'!M89 -> 327 | E25: =IF(C25=D25,"OK","XX") -> XX | F25: =IF(D25<B25,"BELOW REORDER QTY","QUANTITY ABOVE WARNING") -> QUANTITY ABOVE WARNING | G25: =B25-D25 -> -177
A26: 6121M | B26: 250 | C26: 80 | D26: ='DISPOSABLE ITEMS'!M94 -> 294 | E26: =IF(C26=D26,"OK","XX") -> XX | F26: =IF(D26<B26,"BELOW REORDER QTY","QUANTITY ABOVE WARNING") -> QUANTITY ABOVE WARNING | G26: =B26-D26 -> -44
A27: 6121L | B27: 450 | C27: 793 | D27: ='DISPOSABLE ITEMS'!M98 -> 482 | E27: =IF(C27=D27,"OK","XX") -> XX | F27: =IF(D27<B27,"BELOW REORDER QTY","QUANTITY ABOVE WARNING") -> QUANTITY ABOVE WARNING | G27: =B27-D27 -> -32
A28: 6121XL | B28: 750 | C28: 403 | D28: ='DISPOSABLE ITEMS'!M101 -> 871 | E28: =IF(C28=D28,"OK","XX") -> XX | F28: =IF(D28<B28,"BELOW REORDER QTY","QUANTITY ABOVE WARNING") -> QUANTITY ABOVE WARNING | G28: =B28-D28 -> -121
A29: 6121XXL | B29: 700 | C29: 33 | D29: ='DISPOSABLE ITEMS'!M104 -> 901 | E29: =IF(C29=D29,"OK","XX") -> XX | F29: =IF(D29<B29,"BELOW REORDER QTY","QUANTITY ABOVE WARNING") -> QUANTITY ABOVE WARNING | G29: =B29-D29 -> -201
A30: TD01 | B30: 17000 | C30: 45325 | D30: ='DISPOSABLE ITEMS'!M120 -> 50075 | E30: =IF(C30=D30,"OK","XX") -> XX | F30: =IF(D30<B30,"BELOW REORDER QTY","QUANTITY ABOVE WARNING") -> QUANTITY ABOVE WARNING | G30: =B30-D30 -> -33075
A31: TR03 | B31: 2500 | C31: 650 | D31: ='DISPOSABLE ITEMS'!M116 -> 9997 | E31: =IF(C31=D31,"OK","XX") -> XX | F31: =IF(D31<B31,"BELOW REORDER QTY","QUANTITY ABOVE WARNING") -> QUANTITY ABOVE WARNING | G31: =B31-D31 -> -7497
A32: YC.001 | B32: 1200 | C32: 1340 | D32: ='DISPOSABLE ITEMS'!M126 -> 232 | E32: =IF(C32=D32,"OK","XX") -> XX | F32: =IF(D32<B32,"BELOW REORDER QTY","QUANTITY ABOVE WARNING") -> BELOW REORDER QTY | G32: =B32-D32 -> 968
A33: YC.002 | B33: 3000 | C33: 1970 | D33: ='DISPOSABLE ITEMS'!M130 -> 34 | E33: =IF(C33=D33,"OK","XX") -> XX | F33: =IF(D33<B33,"BELOW REORDER QTY","QUANTITY ABOVE WARNING") -> BELOW REORDER QTY | G33: =B33-D33 -> 2966
A34: CM631 | B34: 700 | C34: 248 | D34: ='DISPOSABLE ITEMS'!J146 -> 0 | E34: =IF(C34=D34,"OK","XX") -> XX | F34: =IF(D34<B34,"BELOW REORDER QTY","QUANTITY ABOVE WARNING") -> BELOW REORDER QTY | G34: =B34-D34 -> 700
A35: OBS-MW | B35: 100 | C35: 599 | D35: ='DISPOSABLE ITEMS'!M144 -> 479 | E35: =IF(C35=D35,"OK","XX") -> XX | F35: =IF(D35<B35,"BELOW REORDER QTY","QUANTITY ABOVE WARNING") -> QUANTITY ABOVE WARNING | G35: =B35-D35 -> -379
A36: GS2212 | B36: 0 | C36: 3584 | D36: ='DISPOSABLE ITEMS'!M134 -> 2682 | E36: =IF(C36=D36,"OK","XX") -> XX | F36: =IF(D36<B36,"BELOW REORDER QTY","QUANTITY ABOVE WARNING") -> QUANTITY ABOVE WARNING | G36: =B36-D36 -> -2682
A37: GS4412 | B37: 500 | C37: 8300 | D37: ='DISPOSABLE ITEMS'!M136 -> 7198 | E37: =IF(C37=D37,"OK","XX") -> XX | F37: =IF(D37<B37,"BELOW REORDER QTY","QUANTITY ABOVE WARNING") -> QUANTITY ABOVE WARNING | G37: =B37-D37 -> -6698
A38: GSS2212 | B38: 300 | C38: 1524 | D38: ='DISPOSABLE ITEMS'!M137 -> -1 | E38: =IF(C38=D38,"OK","XX") -> XX | F38: =IF(D38<B38,"BELOW REORDER QTY","QUANTITY ABOVE WARNING") -> BELOW REORDER QTY | G38: =B38-D38 -> 301
A39: GSS4412 | B39: 1500 | C39: 3233 | D39: ='DISPOSABLE ITEMS'!M140 -> 0 | E39: =IF(C39=D39,"OK","XX") -> XX | F39: =IF(D39<B39,"BELOW REORDER QTY","QUANTITY ABOVE WARNING") -> BELOW REORDER QTY | G39: =B39-D39 -> 1500
A40: GSS4412X | B40: 2000 | C40: 6817 | D40: ='DISPOSABLE ITEMS'!M142 -> 1852 | E40: =IF(C40=D40,"OK","XX") -> XX | F40: =IF(D40<B40,"BELOW REORDER QTY","QUANTITY ABOVE WARNING") -> BELOW REORDER QTY | G40: =B40-D40 -> 148

Sheet DDL
A1: STATUS
A2: EXPIRED
A3: FAR EXP
A4: MIDDLE EXP
A5: NEAR EXP
A6: NEW DELIVERY
A7: OUT OF STOCK
A8: REPLACEMENT
A9: OLD SHIPMENT
A10: PULL OUT
A11: DAMAGED
A12: REPAIRED
A13: SOLD
